SECURITY_ID,SYMBOL
500002,BSE:ABB-A
500003,BSE:AEGISLOG-A
500008,BSE:ARE&M-A
500010,HDFC        
500013,BSE:ANSALAPI-Z
500020,BSE:BOMDYEING-A
500023,BSE:ASIANHOTNR-B
500024,ASSAMCO     
500027,BSE:ATUL-A
500029,AUTOLITE(I) 
500030,AUTORID.FIN 
500031,BSE:BAJAJELEC-A
500032,BSE:BAJAJHIND-A
500033,BSE:FORCEMOT-A
500034,BSE:BAJFINANCE-A
500038,BSE:BALRAMCHIN-A
500039,BSE:BANCOINDIA-A
500040,BSE:ABREL-A
500041,BSE:BANARISUG-B
500042,BSE:BASF-A
500043,BSE:BATAINDIA-A
500048,BSE:BEML-A
500049,BSE:BEL-A
500052,BSE:BEPL-B
500055,BHUSH STEEL 
500059,BSE:BILVYAPAR-T
500060,BSE:BIRLACABLE-B
500067,BSE:BLUESTARCO-A
500074,BSE:BPL-B
500083,BSE:CENTEXT-B
500084,BSE:CESC-A
500085,BSE:CHAMBLFERT-A
500086,BSE:EXIDEIND-A
500087,BSE:CIPLA-A
500089,BSE:DICIND-B
500092,BSE:CRISIL-A
500093,BSE:CGPOWER-A
500096,BSE:DABUR-A
500097,BSE:DALMIASUG-B
500101,BSE:ARVIND-A
500102,BALARPUR IND
500103,BSE:BHEL-A
500104,BSE:HINDPETRO-A
500106,BSE:IFCI-A
500108,BSE:MTNL-B
500109,BSE:MRPL-A
500110,BSE:CHENNPETRO-A
500111,REL.CAP.    
500112,BSE:SBIN-A
500113,BSE:SAIL-A
500114,BSE:TITAN-A
500116,BSE:IDBI-A
500117,BSE:DCW-B
500119,BSE:DHAMPURSUG-B
500123,BSE:ELANTAS-B
500124,BSE:DRREDDY-A
500125,BSE:EIDPARRY-A
500126,BSE:PGHL-A
500128,BSE:ELECTCAST-A
500133,BSE:ESABINDIA-A
500135,BSE:EPL-A
500136,BSE:ESTER-B
500139,FEDDER.LLYOD
500144,BSE:FINCABLES-A
500148,BSE:UFLEX-B
500150,BSE:FOSECOIND-B
500155,GARDEN SILK 
500160,BSE:GTL-B
500162,PARRYSUGR   
500163,BSE:GODFRYPHLP-A
500164,BSE:GODREJIND-A
500165,BSE:KANSAINER-A
500168,BSE:GOODYEAR-B
500170,BSE:GTNINDS-X
500171,BSE:GHCL-A
500173,BSE:GFLLIMITED-B
500179,BSE:HCL-INSYS-B
500180,BSE:HDFCBANK-A
500182,BSE:HEROMOTOCO-A
500183,BSE:HFCL-A
500184,BSE:HSCL-A
500185,BSE:HCC-A
500186,BSE:HINDOILEXP-B
500187,BSE:AGI-A
500188,BSE:HINDZINC-A
500189,BSE:NDLVENTURE-B
500193,BSE:HLVLTD-B
500199,BSE:IGPL-B
500201,BSE:INDIAGLYCO-B
500207,BSE:INDORAMA-B
500209,BSE:INFY-A
500210,BSE:INGERRAND-A
500215,BSE:SUNDROP-B
500219,BSE:JISLJALEQS-A
500227,BSE:JINDALPOLY-B
500228,BSE:JSWSTEEL-A
500231,UMANG DAIR  
500233,BSE:KAJARIACER-A
500234,BSE:KAKATCEM-B
500235,BSE:KSL-B
500238,BSE:WHIRLPOOL-A
500241,BSE:KIRLOSBROS-A
500243,BSE:KIRLOSIND-B
500247,BSE:KOTAKBANK-A
500249,BSE:KSB-A
500250,BSE:LGBBROSLTD-B
500251,BSE:TRENT-A
500252,BSE:LMW-A
500253,BSE:LICHSGFIN-A
500255,LML LTD.    
500257,BSE:LUPIN-A
500259,BSE:LYKALABS-B
500260,BSE:RAMCOCEM-A
500265,BSE:MAHSEAMLES-A
500266,BSE:MAHSCOOTER-A
500268,BSE:MANALIPETC-B
500271,BSE:MFSL-A
500279,BSE:MIRCELECTR-B
500280,BSE:CENTENKA-B
500285,BSE:SPICEJET-A
500288,BSE:MOREPENLAB-A
500290,BSE:MRF-A
500292,BSE:HEIDELBERG-B
500294,BSE:NCC-A
500295,BSE:VEDL-A
500296,BSE:NAHARSPING-B
500300,BSE:GRASIM-A
500302,PEL         
500303,ADI BIR NUVO
500304,BSE:NIITLTD-B
500307,BSE:NIRLON-B
500312,BSE:ONGC-A
500313,BSE:OILCOUNTUB-B
500314,BSE:ORIENTHOT-B
500315,ORINTAL BANK
500317,BSE:OSWALAGRO-B
500325,BSE:RELIANCE-A
500330,BSE:RAYMOND-A
500331,BSE:PIDILITIND-A
500335,BSE:BIRLACORPN-A
500336,BSE:SURYAROSNI-A
500337,BSE:PRIMESECU-B
500338,BSE:PRSMJOHNSN-B
500339,BSE:RAIN-A
500343,BSE:AMJLAND-B
500350,BSE:RSWM-B
500354,BSE:RAJSREESUG-B
500355,BSE:RALLIS-A
500356,BSE:RAMANEWS-B
500366,ROLTA (I)   
500368,BSE:PATANJALI-A
500370,BSE:SALORAINTL-X
500378,BSE:JINDALSAW-A
500380,BSE:JKLAKSHMI-A
500387,BSE:SHREECEM-A
500390,BSE:RELINFRA-T
500400,BSE:TATAPOWER-A
500402,BSE:SPMLINFRA-B
500403,BSE:SUNDRMFAST-A
500404,BSE:SUNFLAG-B
500405,BSE:SPLPETRO-A
500407,BSE:SWARAJENG-B
500408,BSE:TATAELXSI-A
500410,BSE:ACC-A
500411,BSE:THERMAX-A
500412,BSE:TIRUMALCHM-B
500413,BSE:THOMASCOOK-A
500418,BSE:TOKYOPLAST-B
500420,BSE:TORNTPHARM-A
500425,BSE:AMBUJACEM-A
500429,BSE:UNIENTER-B
500439,BSE:VHL-B
500440,BSE:HINDALCO-A
500444,BSE:WSTCSTPAPR-B
500449,BSE:HOCL-B
500459,BSE:PGHH-A
500460,BSE:MUKANDLTD-B
500463,BSE:BBOX-A
500464,BSE:UCAL-B
500467,BSE:HARRMALAYA-B
500469,BSE:FEDERALBNK-A
500470,BSE:TATASTEEL-A
500472,BSE:SKFINDIA-A
500477,BSE:ASHOKLEY-A
500480,BSE:CUMMINSIND-A
500483,BSE:TATACOMM-A
500488,BSE:ABBOTINDIA-A
500490,BSE:BAJAJHLDNG-A
500493,BSE:BHARATFORG-A
500495,BSE:ESCORTS-A
500500,BSE:HINDMOTORS-B
500510,BSE:LT-A
500520,BSE:M&M-A
500530,BSE:BOSCHLTD-A
500540,BSE:PREMIER-T
500547,BSE:BPCL-A
500550,BSE:SIEMENS-A
500570,BSE:TMPV-A
500575,BSE:VOLTAS-A
500620,BSE:GESHIP-A
500645,BSE:DEEPAKFERT-A
500650,BSE:EXCELINDUS-B
500660,BSE:GLAXO-A
500670,BSE:GNFC-A
500672,BSE:NOVARTIND-B
500674,BSE:SANOFI-A
500676,GLAXOSMITHKL
500680,BSE:PFIZER-A
500690,BSE:GSFC-A
500696,BSE:HINDUNILVR-A
500710,BSE:AKZOINDIA-A
500730,BSE:NOCIL-B
500770,BSE:TATACHEM-A
500777,BSE:TNPETRO-B
500780,BSE:ZUARIIND-B
500790,BSE:NESTLEIND-A
500800,BSE:TATACONSUM-A
500820,BSE:ASIANPAINT-A
500825,BSE:BRITANNIA-A
500830,BSE:COLPAL-A
500840,BSE:EIHOTEL-A
500850,BSE:INDHOTEL-A
500870,BSE:CASTROLIND-A
500875,BSE:ITC-A
500877,BSE:APOLLOTYRE-A
500878,BSE:CEATLTD-A
500940,BSE:FINPIPE-A
500945,VALUE IND L 
501242,BSE:TCIFINANCE-T
501301,BSE:TATAINVEST-A
501425,BSE:BBTC-A
501455,BSE:GREAVESCOT-A
501848,BSE:GLOBOFFS-X
502090,BSE:SAGCEM-B
502137,BSE:DECCANCE-B
502157,BSE:MANGLMCEM-B
502165,OCL INDIA L 
502168,BSE:NCLIND-B
502330,BSE:ANDHRAPAP-B
502355,BSE:BALKRISIND-A
502420,BSE:ORIENTPPR-B
502450,BSE:SESHAPAPER-B
502742,SINTEX IND. 
502761,BLUE BLEND  
502820,BSE:DCM-B
502865,BSE:FORBESCO-X
502937,BSE:KESORAMIND-T
502986,BSE:VTL-A
503031,BSE:PENINLAND-B
503100,BSE:PHOENIXLTD-A
503101,BSE:MARATHON-B
503169,BSE:RUBYMILLS-B
503310,BSE:SWANCORP-A
503722,BSE:BANSWRAS-B
503806,BSE:SRF-A
503811,BSE:SIYSIL-B
503881,HIND.SYNTEX 
503960,BSE:BBL-A
504008,EMCO LTD.   
504036,BSE:HIRECT-B
504058,BSE:NIPPOBATRY-B
504067,BSE:ZENSARTECH-A
504112,BSE:NELCO-B
504212,BSE:UNIVCABLES-B
504220,BSE:WSI-B
504286,BSE:DELTAMAGNT-B
504614,BSE:SARDAEN-A
504741,BSE:INDIANHUME-B
504879,BSE:ORIENTCER-B
504966,TINPLATE    
504973,BSE:CHOLAHLDNG-A
505010,BSE:AUTOAXLES-B
505075,BSE:SETCO-B
505160,BSE:TALBROAUTO-B
505163,BSE:ZFSTEERING-B
505192,BSE:SMLMAH-B
505196,BSE:TIL-B
505200,BSE:EICHERMOT-A
505242,BSE:DYNAMATECH-B
505324,BSE:MANUGRAPH-B
505355,BSE:NESCO-B
505368,BSE:SEMAC-B
505400,BSE:TEXINFRA-B
505412,BSE:WENDT-B
505509,BSE:RESPONIND-B
505533,BSE:WESTLIFE-A
505537,BSE:ZEEL-A
505688,BSE:BHARATGEAR-B
505700,BSE:ELECON-A
505714,BSE:GABRIEL-A
505720,BSE:HERCULES-B
505726,BSE:IFBIND-B
505744,BSE:FMGOETZE-B
505790,BSE:SCHAEFFLER-A
505800,BSE:RANEHOLDIN-B
505854,BSE:TRF-B
505890,BSE:KENNAMET-B
505982,HINDUJA FOUN
506022,BSE:PRAKASH-B
506076,BSE:GRINDWELL-A
506079,BSE:LAKPRE-Z
506109,BSE:GENESYS-B
506146,BSE:VIVIDHA-B
506184,BSE:KANANIIND-B
506194,BSE:ARIHANTSUP-B
506197,BSE:BLISSGVS-B
506222,BSE:STYRENIX-A
506235,BSE:ALEMBICLTD-B
506285,BSE:BAYERCROP-A
506390,BSE:SUDARCOLOR-B
506395,BSE:COROMANDEL-A
506401,BSE:DEEPAKNTR-A
506480,BSE:GOCLCORP-B
506525,BSE:KANORICHEM-B
506579,BSE:AGVENTURES-B
506590,BSE:PCBL-A
506618,BSE:PUNJABCHEM-B
506655,BSE:SUDARSCHEM-A
506690,BSE:UNICHEMLAB-B
506720,ZANDUREALTY 
506767,BSE:ALKYLAMINE-A
506820,BSE:ASTRAZEN-A
506894,CHEMFAB ALK 
506943,BSE:JBCHEPHARM-A
507180,BSE:KESARENT-X
507205,BSE:TI-A
507315,BSE:SAKHTISUG-B
507410,BSE:WALCHANNAG-B
507438,BSE:IFBAGRO-B
507442,DHARANI SUG 
507450,THIRU A.SUG.
507458,UNITED BREWE
507488,BSE:GMBREW-B
507490,BSE:RANASUG-B
507514,BSE:SDBL-B
507580,BSE:IVP-B
507685,BSE:WIPRO-A
507717,BSE:DHANUKA-B
507747,BSE:TTKHLTCARE-B
507785,BSE:TAINWALCHM-B
507789,BSE:JAGSNPHARM-B
507815,BSE:GILLETTE-A
507828,BSE:ANSALHSG-X
507878,BSE:UNITECH-B
507880,BSE:VIPIND-A
508486,BSE:HAWKINCOOK-B
508814,BSE:COSMOFIRST-B
508869,BSE:APOLLOHOSP-A
508906,BSE:EVERESTIND-B
508933,BSE:AYMSYNTEX-B
508989,BSE:NAVNETEDUL-B
509009,BSE:AUSOMENT-T
509055,BSE:VISAKAIND-B
509077,PRESSMN     
509079,BSE:GUFICBIO-B
509152,BSE:GRPLTD-B
509243,BSE:TVSSRICHAK-B
509480,BSE:BERGEPAINT-A
509488,BSE:GRAPHITE-A
509496,BSE:CEMPRO-A
509550,GAMMON INDIA
509557,BSE:GARFIBRES-A
509567,BSE:GOACARBON-B
509627,HIND.DORR   
509631,BSE:HEG-A
509635,BSE:HINDCOMPOS-B
509675,BSE:BIRLANU-B
509692,BSE:INDIANCARD-B
509715,BSE:JAYSREETEA-B
509820,BSE:HUHTAMAKI-B
509874,BSE:SHALPAINTS-B
509930,BSE:SUPREMEIND-A
509966,BSE:VSTIND-B
511034,BSE:JINDRILL-B
511072,DEWAN H.FIN.
511108,BSE:SHIVATEX-B
511196,BSE:CANFINHOME-A
511208,BSE:IVC-B
511218,BSE:SHRIRAMFIN-A
511243,BSE:CHOLAFIN-A
511288,GRUH FINANCE
511333,BSE:VLSFINANCE-B
511389,VIDEOCON IND
511431,BSE:VAKRANGEE-B
511473,BSE:INDBANK-B
511505,BSE:CAPTRUST-T
511611,BSE:DCMFINSERV-B
511630,BSE:SAMBHAAV-B
511676,BSE:GICHSGFIN-B
511726,BSE:VIPULLTD-T
511766,BSE:MUTHOOTCAP-B
512070,BSE:UPL-A
512093,BSE:CRANESSOFT-Z
512131,BSE:SIGIND-B
512161,BSE:SECURKLOUD-B
512179,BSE:SUNTECK-A
512237,BSE:JAICORPLTD-B
512289,SHIRPUR GOLD
512299,STERL.BIOTEC
512519,BSE:DONEAR-B
512529,BSE:VIYASH-B
512531,BSE:STCINDIA-B
512559,BSE:KOHINOOR-B
512573,BSE:AVANTIFEED-A
512579,GUJ.NRE COKE
512587,BSE:ZODJRDMKJ-X
512599,BSE:ADANIENT-A
512608,BSE:BHANDARI-B
512626,BSE:ORBTEXP-B
513010,TATA SPONGE 
513023,BSE:NAVA-A
513108,BSE:GANDHITUBE-B
513121,BSE:ORICONENT-B
513216,UTTAM GALVA 
513228,BSE:PENIND-B
513250,BSE:JYOTISTRUC-A
513262,BSE:SSWL-B
513269,BSE:MANINDS-B
513335,METALFORGE  
513349,BSE:AJMERA-B
513375,BSE:CARBORUNIV-A
513377,BSE:MMTC-A
513414,SMPL        
513434,TATA METALIK
513436,BSE:SHAHALLOYS-B
513446,MONNETISPA  
513519,BSE:PITTIENG-B
513554,BSE:MAHASTEEL-B
513599,BSE:HINDCOPPER-A
513605,SRIPIPES    
513683,BSE:NLCINDIA-A
513691,JMT AUTO LTD
513729,BSE:AROGRANITE-B
514034,JBF IND.LTD 
514043,BSE:HIMATSEIDE-B
514045,BSE:BSL-B
514142,BSE:TTL-T
514162,BSE:WELSPUNLIV-A
514167,BSE:GANECOS-A
514175,BSE:VARDMNPOLY-T
514211,BSE:SUMEETINDS-B
514234,BSE:SANGAMIND-B
514274,BSE:VGL-B
514286,BSE:ASHIMASYN-B
514300,BSE:PIONEEREMB-B
514326,BSE:PATSPINLTD-X
515030,BSE:ASAHIINDIA-A
515037,BSE:MURUDCERA-B
515055,BSE:ANANTRAJ-A
515093,BSE:MADHAV-B
515145,HIND.NAT.GLS
516007,MANGALAM TIM
516016,BSE:SHREYANIND-B
516022,BSE:STARPAPER-B
516064,BSE:ARROWGREEN-B
516072,BSE:VISHNU-B
516092,BSE:3PLAND-B
517015,BSE:VINDHYATEL-B
517041,BSE:ADOR-B
517059,BSE:SALZERELEC-B
517080,HIGHGROUND  
517140,MOSER BEAR  
517146,BSE:USHAMART-A
517164,ZENITH COMP.
517168,BSE:SUBROS-B
517174,BSE:HONAUT-A
517206,BSE:LUMAXIND-B
517214,BSE:DIGISPICE-B
517224,SUJANA INDUS
517271,BSE:HBLENGINE-A
517296,PHOENIXLL   
517300,BSE:GIPCL-B
517330,CMI LTD.    
517334,BSE:MOTHERSON-A
517344,BSE:MINDTECK-B
517354,BSE:HAVELLS-A
517380,BSE:IGARASHI-B
517385,BSE:SYMPHONY-B
517411,BSE:SHYAMTEL-B
517421,BSE:BUTTERFLY-B
517447,BSE:RSSOFTWARE-B
517498,BSE:WEBELSOLAR-A
517506,BSE:TTKPRESTIG-A
517518,LLOYD ELECT.
517530,BSE:SURANAT&P-B
517536,BSE:ONWARDTEC-B
517544,BSE:CENTUM-B
517556,BSE:PVP-B
517562,BSE:TRIGYN-B
517569,BSE:KEI-A
517571,IMPPOWERS   
518029,GUJ.SIDH.CEM
519091,BSE:TASTYBITE-B
519105,BSE:AVTNPL-B
519136,BSE:NAHARINDUS-B
519156,BSE:VADILALIND-B
519183,BSE:ADFFOODS-B
519224,BSE:WILLAMAGOR-B
519248,JVL AGRO    
519260,BSE:SANWARIA-Z
519373,VIMAL OIL FD
519494,BSE:NKIND-B
519552,BSE:HERITGFOOD-A
519570,LAKSHMI OVER
519588,DFM FOODS   
519600,BSE:CCL-A
519602,BSE:KELLTONTEC-B
520008,BSE:RICOAUTO-B
520021,BSE:OMAXAUTO-B
520043,BSE:MUNJALSHOW-B
520051,BSE:JAMNAAUTO-B
520056,BSE:TVSHLTD-A
520057,BSE:JTEKTINDIA-B
520059,BSE:MUNJALAU-B
520066,BSE:JAYBARMARU-B
520077,AMTEK AUTO  
520086,BSE:SICALLOG-T
520111,BSE:RATNAMANI-A
520113,BSE:VESUVIUS-A
520119,BSE:ASAL-B
520151,BSE:TRANSWORLD-B
521016,BSE:ICIL-A
521018,BSE:MARALOVER-B
521030,NAKODA      
521064,BSE:TRIDENT-A
521070,BSE:ALOKINDS-A
521082,SPENTEX INDS
521109,BSE:NAGREEKEXP-B
521163,BSE:ZODIACLOTH-B
521180,BSE:SUPERSPIN-B
521194,BSE:SILINV-B
521200,BSE:SURYALAXMI-B
521220,BSE:DAMODARIND-B
521248,BSE:KITEX-A
522029,BSE:WINDMACHIN-B
522034,BSE:SHANTIGEAR-B
522064,BSE:HONDAPOWER-B
522073,BSE:HITECHGEAR-T
522074,BSE:ELGIEQUIP-A
522113,BSE:TIMKEN-A
522163,BSE:DIACABS-B
522205,BSE:PRAJIND-A
522217,BSE:GUJAPOLLO-B
522241,BSE:MMFL-B
522249,BSE:MAYURUNIQ-B
522261,BSE:DOLPHIN-B
522263,JMC PROJECTS
522275,BSE:GVTD-A
522285,BSE:JAYNECOIND-B
522287,BSE:KPIL-A
522295,BSE:CONTROLPR-B
523011,BSE:WEIZMANIND-B
523127,BSE:EIHAHOTELS-B
523204,BSE:ABAN-T
523207,BSE:KOKUYOCMLN-B
523261,BSE:VENKEYS-B
523269,BSE:ADVANIHOTR-B
523283,BSE:SUPERHOUSE-B
523319,BSE:BALMLAWRIE-B
523367,BSE:DCMSHRIRAM-A
523371,BSE:MAWANASUG-B
523385,BSE:NILKAMAL-B
523391,BSE:NAHARPOLY-B
523395,BSE:3MINDIA-A
523398,BSE:BOSCH-HCIL-B
523405,BSE:JMFINANCIL-A
523445,BSE:RIIL-B
523457,BSE:LINDEINDIA-A
523539,BSE:PRECWIRE-B
523574,BSE:FEL-Z
523592,JENSON &NICH
523598,BSE:SCI-A
523610,BSE:ITI-A
523618,BSE:DREDGECORP-B
523630,BSE:NFL-B
523642,BSE:PIIND-A
523648,BSE:PLASTIBLEN-B
523694,BSE:APCOTEXIND-B
523704,BSE:MASTEK-A
523716,BSE:ASHIANA-B
523724,VIJAY SHA.BU
523736,BSE:DVL-B
523756,SREIINFRA   
523792,BSE:MAZDA-B
523796,BSE:VHLTD-T
523828,BSE:MENONBE-B
523838,BSE:SIMPLEXINF-B
523890,DS.KULKARNI 
524000,BSE:POONAWALLA-A
524019,BSE:KINGFA-B
524051,BSE:POLYPLEX-B
524075,BSE:ALBERTDAVD-B
524084,MONSANTO (I)
524109,BSE:KABRAEXTRU-B
524129,BSE:VINYLINDIA-B
524164,BSE:IOLCP-B
524200,BSE:VINATIORGA-A
524208,BSE:AARTIIND-A
524226,BSE:GAEL-B
524230,BSE:RCF-A
524280,BSE:KOPRAN-B
524330,BSE:JAYAGROGN-B
524348,BSE:AARTIDRUGS-B
524370,BSE:BODALCHEM-B
524372,BSE:ORCHPHARMA-B
524394,BSE:VIMTALABS-B
524404,BSE:MARKSANS-A
524494,BSE:IPCALAB-A
524500,BSE:KILITCH-B
524558,BSE:NEULANDLAB-A
524570,BSE:PODDARMENT-B
524598,BSE:AKSHARCHEM-B
524652,IND.SWIFT LT
524667,BSE:SOTL-B
524669,BSE:HESTERBIO-B
524689,PARENT.DRUGS
524715,BSE:SUNPHARMA-A
524735,BSE:HIKAL-B
524742,BSE:CAPLIPOINT-A
524804,BSE:AUROPHARMA-A
524816,BSE:NATCOPHARM-A
524820,BSE:PANAMAPET-B
524824,BSE:BALPHARMA-B
526093,SATVAH.ISPAT
526217,BSE:HITECHCORP-B
526227,BSE:FILATEX-B
526235,MERCATOR    
526247,BSE:PREMEXPLN-A
526263,BSE:MOLDTECH-B
526299,BSE:MPHASIS-A
526325,BSE:ORIENTLTD-B
526367,BSE:GANESHHOU-A
526371,BSE:NMDC-A
526381,BSE:PATINTLOG-B
526397,BSE:ALPHAGEO-B
526521,BSE:SANGHIIND-B
526550,BSE:CCHHL-B
526576,TECHIN      
526582,BSE:TPLPLASTEH-B
526586,BSE:WIMPLAST-X
526596,BSE:LIBERTSHOE-B
526608,BSE:ELECTHERM-B
526612,BSE:BLUEDART-A
526642,BSE:MIRZAINT-B
526650,BSE:TFCILTD-B
526662,BSE:ARENTERP-B
526666,BSE:BIL-B
526668,BSE:KAMATHOTEL-B
526707,ALCHEMIST LT
526725,BSE:SANDESH-B
526729,BSE:GOLDIAM-A
526797,BSE:GREENPLY-B
526801,PSL LTD     
526807,BSE:SEAMECLTD-B
526881,BSE:63MOONS-A
526885,BSE:SARLAPOLY-B
526921,BSE:21STCENMGM-B
526947,BSE:LAOPALA-B
526953,BSE:VENUSREM-B
526987,BSE:URJA-B
527001,BSE:ASHAPURMIN-A
530001,BSE:GUJALKALI-B
530005,BSE:INDIACEM-A
530007,BSE:JKTYRE-A
530011,MANGLR.CHEM 
530019,BSE:JUBLPHARMA-A
530047,RAISAHEB RCK
530073,BSE:SANGHVIMOV-B
530075,BSE:ANTELOPUS-B
530117,BSE:PRIVISCL-A
530191,CHROMATIC IN
530199,BSE:THEMISMED-B
530239,BSE:SUVEN-B
530299,BSE:KOTHARIPRO-B
530343,BSE:GENUSPOWER-A
530363,BSE:UGARSUGAR-B
530365,BSE:ORIENTBELL-B
530367,BSE:NRBBEARING-B
530377,BSE:NILAINFRA-B
530381,PETRON ENGG.
530393,BSE:DBSTOCKBRO-B
530517,BSE:RELAXO-A
530549,BSE:SHILPAMED-A
530655,BSE:GOODLUCK-B
530699,BSE:RAJRILTD-T
530715,ALPS INDS.  
530721,ANGIND      
530759,BSE:STERTOOLS-B
530773,IVRCL LTD   
530803,BSE:BHAGERIA-B
530813,BSE:KRBL-A
530843,BSE:CUPID-B
530919,BSE:REMSONSIND-B
530943,BSE:AQYLON-B
530961,BSE:VIKASECO-B
530965,BSE:IOC-A
530999,BSE:BALAMINES-B
531082,BSE:ALANKIT-B
531092,BSE:OMINFRAL-B
531102,SURANA CORPO
531120,BSE:PATELENG-A
531147,BSE:ALICON-B
531162,BSE:EMAMILTD-A
531179,BSE:ARMANFIN-B
531209,BSE:NUCLEUS-B
531213,BSE:MANAPPURAM-A
531241,BSE:LINC-B
531266,BSE:VSTTILLERS-B
531335,BSE:ZYDUSWELL-A
531339,JAIHIND PROJ
531344,BSE:CONCOR-A
531349,BSE:PANACEABIO-B
531373,BSE:BYKE-B
531400,BSE:ALMONDZ-B
531404,ZICOM ELECTR
531426,BSE:TNPL-B
531431,BSE:SHAKTIPUMP-A
531453,BSE:MOHITIND-B
531495,BSE:BLUECOAST-B
531497,BSE:MADHUCON-B
531500,BSE:RAJESHEXPO-Z
531508,BSE:EVEREADY-B
531524,I.C.S.A. IND
531531,BSE:HATSUN-A
531543,BSE:JINDWORLD-B
531548,BSE:SOMANYCERA-B
531595,BSE:CGCL-A
531599,BSE:FDC-B
531624,BSE:COUNCODOS-B
531633,BSE:LINCOLN-B
531642,BSE:MARICO-A
531687,KARUTURI GLO
531717,BSE:VIDHIING-B
531723,BSE:GATECH-B
531746,BSE:PRAENG-B
531768,BSE:POLYMED-A
531795,BSE:ATULAUTO-B
531816,PANORAM UNI 
531845,BSE:ZENITHSTL-B
531879,PIONEER DIS.
531882,KWALITYLTD  
531934,SUPREME TEX 
531978,BSE:AMBIKCO-B
532051,BSE:SWELECTES-B
532054,BSE:KDDL-B
532097,MUKAND ENGG.
532106,REI AGRO LTD
532121,DENA BANK   
532123,BSE:BSELALGO-X
532129,HEXAWARE TEC
532133,IFGL REFRACT
532134,BSE:BANKBARODA-A
532144,BSE:WELCORP-A
532149,BSE:BANKINDIA-A
532150,BSE:INDRAMEDCO-B
532155,BSE:GAIL-A
532162,BSE:JKPAPER-A
532163,BSE:SAREGAMA-A
532172,BSE:ADROITINFO-B
532173,BSE:CYBERTECH-B
532174,BSE:ICICIBANK-A
532175,BSE:CYIENT-A
532178,BSE:ENGINERSIN-A
532179,CORPN.BANK  
532180,BSE:DHANBANK-B
532181,BSE:GMDCLTD-A
532187,BSE:INDUSINDBK-A
532189,BSE:ITDC-B
532209,BSE:J&KBANK-A
532210,BSE:CUB-A
532212,BSE:ARCHIES-B
532215,BSE:AXISBANK-A
532216,BSE:HBSL-B
532218,BSE:SOUTHBANK-A
532219,BSE:ENERGYDEV-B
532221,BSE:SONATSOFTW-A
532234,BSE:NATIONALUM-A
532240,BSE:INDNIPPON-B
532254,POLARIS     
532256,BSE:NSIL-B
532259,BSE:APARINDS-A
532268,BSE:ACCELYA-B
532276,SYNDICATE BN
532281,BSE:HCLTECH-A
532282,CASTEXTECH  
532285,BSE:GEOJITFSL-B
532286,BSE:JINDALSTEL-A
532296,BSE:GLENMARK-A
532300,BSE:WOCKPHARMA-A
532301,TATA COFFEE 
532305,BSE:INDSWFTLAB-B
532309,BSE:GVPIL-T
532310,BSE:SHREERAMA-B
532313,BSE:MAHLIFE-A
532321,BSE:ZYDUSLIFE-A
532326,BSE:INTENTECH-B
532331,BSE:AJANTPHARM-A
532339,BSE:COMPUSOFT-B
532341,BSE:IZMO-T
532343,BSE:TVSMOTOR-A
532345,GATI LTD.   
532348,BSE:SUBEXLTD-B
532349,BSE:TCI-B
532351,BSE:AKSHOPTFBR-B
532356,BSE:TRIVENI-A
532357,BSE:MUKTAARTS-B
532365,BSE:DSSL-B
532366,BSE:PNBGILTS-B
532369,BSE:RAMCOIND-B
532370,BSE:RAMCOSYS-B
532371,BSE:TTML-A
532374,BSE:STLTECH-A
532375,BSE:TIPSMUSIC-A
532376,BSE:UMIYA-MRO-B
532382,BSE:BALAJITELE-B
532386,BSE:CALSOFT-B
532387,BSE:PNC-B
532388,BSE:IOB-A
532390,BSE:TAJGVK-B
532391,OPTO CIRCUIT
532392,BSE:CREATIVEYE-B
532395,BSE:AXISCADES-B
532400,BSE:BSOFT-A
532401,VIJAYA BANK 
532408,BSE:SIGMAADV-B
532413,BSE:CEREBRAINT-Z
532418,ANDHRA BANK 
532419,BSE:SMARTLINK-B
532424,BSE:GODREJCP-A
532430,BSE:BFUTILITIE-Z
532432,BSE:UNITDSPR-A
532440,BSE:MPSLTD-B
532443,BSE:CERA-A
532454,BSE:BHARTIARTL-A
532456,BSE:COMPINFO-Z
532457,BSE:GULPOLY-B
532460,BSE:PONNIERODE-B
532461,BSE:PNB-A
532466,BSE:OFSS-A
532475,BSE:APTECHT-B
532477,BSE:UNIONBANK-A
532478,BSE:UBL-A
532479,ISMT LTD    
532480,ALLAHABAD BK
532481,BSE:NOIDATOLL-B
532482,BSE:GRANULES-A
532483,BSE:CANBK-A
532486,BSE:POKARNA-B
532488,BSE:DIVISLAB-A
532493,BSE:ASTRAMICRO-A
532497,BSE:RADICO-A
532498,SHRMCITYUN  
532500,BSE:MARUTI-A
532504,BSE:NAVINFLUOR-A
532505,BSE:UCOBANK-A
532507,BSE:BAGFILMS-B
532508,BSE:JSL-A
532509,BSE:SUPRAJIT-B
532511,EXCEL CROP. 
532513,BSE:TVSELECT-B
532514,BSE:IGL-A
532515,BSE:TVTODAY-B
532522,BSE:PETRONET-A
532523,BSE:BIOCON-A
532524,BSE:PTC-A
532525,BSE:MAHABANK-A
532526,DISHMAN PHAR
532527,BSE:RKFORGE-A
532528,BSE:DATAMATICS-B
532529,BSE:NDTV-B
532531,BSE:STAR-A
532532,BSE:JPASSOCIAT-T
532538,BSE:ULTRACEMCO-A
532539,BSE:UNOMINDA-A
532540,BSE:TCS-A
532541,BSE:COFORGE-A
532543,BSE:GULFPETRO-B
532548,BSE:CENTURYPLY-A
532553,BSE:WELENT-A
532555,BSE:NTPC-A
532605,BSE:JBMA-A
532610,BSE:DWARKESH-B
532612,BSE:INDOCO-B
532613,BSE:VIPCLOTHNG-B
532614,BSE:IMPEXFERRO-Z
532616,BSE:XCHANGING-B
532617,JETAIRWAYS  
532621,BSE:MORARJEE-Z
532622,GATEWAY DIST
532627,BSE:JPPOWER-A
532628,BSE:3IINFOLTD-B
532629,MCNALLYB    
532630,BSE:GOKEX-A
532633,BSE:ALLDIGI-B
532636,BSE:IIFL-A
532637,BSE:MANGALAM-T
532638,BSE:SHOPERSTOP-B
532641,BSE:NDL-B
532642,BSE:JSWHL-A
532644,BSE:JKCEMENT-A
532647,PROVOGUE IND
532648,BSE:YESBANK-A
532649,BSE:NECLIFE-B
532650,BSE:MSPL-B
532651,BSE:SPLIL-B
532652,BSE:KTKBANK-A
532654,BSE:MCLEODRUSS-B
532658,EON ELECT   
532659,IDFC        
532660,BSE:VIVIMEDLAB-B
532661,BSE:RML-B
532662,BSE:HTMEDIA-B
532663,BSE:SASKEN-B
532667,BSE:SUZLON-A
532668,BSE:AURIONPRO-A
532670,BSE:RENUKA-A
532673,BSE:KMSUGAR-B
532674,BSE:BASML-B
532676,BSE:PBAINFRA-X
532678,BOMBAY RAYON
532679,SORILINFRA  
532683,BSE:AIAENG-A
532684,BSE:EKC-B
532687,BSE:REPRO-B
532689,BSE:PVRINOX-A
532693,PUNJ LLOYD  
532694,BSE:ASMS-B
532695,BSE:CELEBRITY-B
532696,EDUCOMP SOLN
532698,BSE:NITINSPIN-B
532699,BSE:ROHLTD-B
532700,BSE:ENIL-B
532702,BSE:GSPL-A
532705,BSE:JAGRAN-B
532706,INOX LEISURE
532708,BSE:GVKPIL-T
532710,BSE:SADBHAV-T
532711,SUNIL HITECH
532712,BSE:RCOM-T
532713,BSE:SAKUMA-B
532714,BSE:KEC-A
532715,GITANJALI GE
532716,BSE:GILLANDERS-B
532717,BSE:INDOTECH-B
532718,PRATIBHA IND
532719,BSE:BLKASHYAP-B
532720,BSE:M&MFIN-A
532721,BSE:VISASTEEL-B
532722,BSE:NITCO-B
532725,BSE:SOLARINDS-A
532726,BSE:GALLANTT-B
532727,ADHUNIK MET 
532728,BSE:MALUPAPER-B
532729,BSE:UTTAMSUGAR-B
532730,BSE:SGL-B
532731,ROHIT FERRO 
532732,BSE:KKCL-B
532733,BSE:SUNTV-A
532734,BSE:GPIL-A
532735,BSE:RSYSTEMS-B
532737,BSE:EMKAY-B
532740,BSE:LOKESHMACH-B
532741,BSE:KAMDHENU-B
532744,BSE:GTNTEX-XT
532746,UNITY INFRA 
532748,BSE:PFOCUS-B
532749,BSE:ALLCARGO-B
532754,BSE:GMRAIRPORT-A
532755,BSE:TECHM-A
532756,BSE:CIEINDIA-A
532757,BSE:VOLTAMP-A
532759,BSE:ATLANTAA-B
532760,DEEP INDS   
532761,BSE:HGM-B
532762,BSE:ACE-A
532764,BSE:GEECEE-B
532767,GAYATRI PROJ
532768,BSE:FIEMIND-B
532770,HANUNG TOYS 
532771,BSE:JHS-B
532772,BSE:DCBBANK-A
532773,BSE:GLOBALVECT-B
532774,BSE:INSPIRISYS-T
532775,BSE:GTLINFRA-B
532776,BSE:SHIVAMAUTO-B
532777,BSE:NAUKRI-A
532778,LANCO INFRA 
532779,BSE:TORNTPOWER-A
532780,BSE:PARSVNATH-B
532782,BSE:SUTLEJTEX-B
532783,BSE:LTFOODS-A
532784,BSE:SOBHA-A
532785,BSE:RUCHIRA-B
532786,GREAT OFFSH 
532787,ESS DEE ALUM
532788,XLENERGY    
532790,BSE:TANLA-A
532792,CAIRN IND   
532794,BSE:ZEEMEDIA-T
532795,BSE:SITINET-Z
532796,BSE:LUMAXTECH-A
532797,BSE:AUTOIND-B
532798,BSE:NETWORK18-A
532799,BSE:HUBTOWN-B
532800,TV18BRDCST  
532801,BSE:CTE-B
532804,BSE:TIIL-B
532805,BSE:REDINGTON-A
532807,BSE:CINELINE-B
532808,BSE:PGIL-A
532809,BSE:FSL-A
532810,BSE:PFC-A
532811,BSE:AHLUCONT-B
532812,BSE:TFL-B
532814,BSE:INDIANB-A
532815,BSE:SMSPHARMA-B
532819,MINDTREE LTD
532820,BSE:ELAND-XT
532822,BSE:IDEA-A
532823,EURO CERAMIC
532826,BSE:RAJTV-B
532827,BSE:PAGEIND-A
532828,BSE:AMDIND-B
532830,BSE:ASTRAL-A
532831,ABHI CORP LT
532832,BSE:EMBDL-T
532834,BSE:CAMLINFINE-A
532835,BSE:ICRA-B
532839,BSE:DISHTV-B
532842,BSE:SRHHYPOLTD-B
532843,BSE:FORTIS-A
532845,BSE:TGBHOTELS-B
532847,BSE:HILTON-B
532848,BSE:DELTACORP-A
532850,BSE:MICEL-B
532851,BSE:INSECTICID-B
532852,MCD HOLDING 
532853,BSE:ASAHISONG-B
532854,NITIN FIRE  
532856,BSE:TIMETECHNO-A
532859,BSE:HGS-B
532864,BSE:NELCAST-B
532865,MEGHMANI    
532867,BSE:V2RETAIL-B
532868,BSE:DLF-A
532869,BSE:TARMAT-T
532870,BSE:ANKITMETAL-Z
532871,CELESTIAL   
532872,BSE:SPARC-B
532873,HOUSING DEV 
532880,BSE:OMAXE-B
532883,ZYLOG SYSTEM
532884,BSE:REFEX-A
532885,BSE:CENTRALBK-A
532886,BSE:SELMC-B
532887,BSE:NEUEON-T
532888,BSE:ASIANTILES-B
532889,BSE:KPRMILL-A
532890,BSE:TAKE-T
532891,BSE:PURVA-B
532892,BSE:MOTILALOFS-A
532895,BSE:NAGREEKCAP-B
532896,BSE:MAGNUM-B
532898,BSE:POWERGRID-A
532899,BSE:KSCL-A
532900,BSE:PAISALO-A
532902,BSE:CCCL-B
532904,BSE:SUPREMEINF-Z
532906,BSE:MAANALU-T
532907,BSE:IL&FSENGG-Z
532908,SHARON BIO  
532914,ARCOTECH LTD
532915,BSE:RELIGARE-A
532916,BSE:BVCL-B
532920,EMPEE DIST  
532921,BSE:ADANIPORTS-A
532922,BSE:EDELWEISS-A
532923,BSE:RGL-B
532924,BSE:KOLTEPATIL-B
532925,BSE:KAUSHALYA-B
532926,BSE:JYOTHYLAB-A
532927,BSE:ECLERX-A
532928,BSE:TARIL-A
532929,BSE:BRIGADE-A
532930,BSE:BGRENERGY-T
532931,BURNPUR     
532932,BSE:MANAKSIA-B
532934,BSE:PPAP-B
532935,BSE:ARIES-B
532938,CAPF        
532939,BSE:RPOWER-A
532940,BSE:JKIL-A
532941,BSE:CORDSCABLE-B
532942,BSE:KNRCON-A
532944,BSE:ONMOBILE-B
532945,BSE:SEPC-B
532947,BSE:IRB-A
532948,TULSI EXTRU 
532951,BSE:GSS-B
532952,BSE:NAHARCAP-B
532953,BSE:VGUARD-A
532955,BSE:RECLTD-A
532959,GAMMON INFRA
532960,IBVENTURES  
532961,SITA SHREE  
532966,BSE:TITAGARH-A
532967,BSE:KIRIINDUS-A
532974,BSE:BIRLAMONEY-B
532976,BSE:JAIBALAJI-A
532977,BSE:BAJAJ-AUTO-A
532978,BSE:BAJAJFINSV-A
532979,PIRPHYTO    
532980,BSE:GOKUL-B
532983,BSE:RPGLIFE-B
532985,BSE:SENSEX1-A
532987,RANE BRAKE  
532988,RANE ENGVL  
532989,BSE:BAFNAPH-B
532991,MVL LIMITED 
532994,BSE:ARCHIDPLY-B
532997,KSK ENERGY  
532998,BSE:LOTUSEYE-B
533001,BSE:SOMICONVEY-B
533006,BIRLA COTSYN
533008,OCL IRON&ST 
533012,BSE:LPDC-B
533014,BSE:SICAGEN-X
533015,NUTEK INDIA 
533022,BSE:20MICRONS-B
533023,BSE:ZFCVINDIA-A
533029,BSE:ALKALI-B
533033,BSE:ISGEC-A
533047,BSE:IMFA-B
533068,ARROW TEX   
533080,BSE:MOLDTKPAC-B
533088,BSE:MHRIL-B
533090,BSE:EXCEL-B
533096,BSE:ADANIPOWER-A
533098,BSE:NHPC-A
533104,BSE:GLOBUSSPR-B
533106,BSE:OIL-A
533107,BSE:SWANDEF-T
533121,BSE:EXPLEOSOL-B
533122,BSE:RTNPOWER-A
533137,BSE:DEN-B
533138,BSE:ASTEC-B
533144,COX KINGS   
533146,BSE:DLINKINDIA-B
533148,BSE:JSWENERGY-A
533150,BSE:GODREJPROP-A
533151,BSE:DBCORP-B
533152,BSE:MBLINFRA-B
533154,INFINITE    
533155,BSE:JUBLFOOD-A
533156,BSE:VASCONEQ-B
533157,SYNCOM HEAL 
533158,BSE:THANGAMAYL-A
533160,BSE:DBREALTY-A
533161,BSE:EMMBI-B
533162,BSE:HATHWAY-B
533163,ARSS INFRA  
533164,BSE:TEXMOPIPES-B
533166,BSE:SUNDARAM-B
533168,BSE:ROSSELLIND-B
533169,BSE:MANINFRA-A
533171,UNITED BANK 
533176,DQ ENT      
533177,BSE:IL&FSTRANS-Z
533179,BSE:PERSISTENT-A
533181,BSE:ISFT-B
533192,BSE:KCPSUGIND-B
533193,BSE:KECL-B
533200,TALWALKAR   
533202,BSE:SATCH-X
533206,BSE:SJVN-A
533207,JPINFRATEC  
533211,PARAB DRUGS 
533216,TECHNOFAB   
533217,BSE:HMVL-B
533218,BSE:EMAMIREAL-B
533221,ASIAN HTL W 
533228,BHARATFIN   
533229,BSE:BAJAJCON-B
533239,BSE:PRAKASHSTL-B
533248,BSE:GPPL-A
533252,BSE:WELINV-B
533257,BSE:WAAREEINDO-T
533259,BSE:SASTASUNDR-B
533260,BSE:CPCAP-B
533261,EROS MEDIA  
533262,BSE:RAMKY-B
533263,BSE:GREENPOWER-B
533264,ELECTROSTEEL
533265,GALLISPAT   
533267,BSE:CANTABIL-B
533269,BSE:WABAG-A
533270,BSE:BEDMUTHA-T
533271,BSE:ASHOKA-A
533272,BSE:JWL-A
533273,BSE:OBEROIRLTY-A
533274,BSE:PRESTIGE-A
533275,BSE:SHAH-B
533276,BSLIMITED   
533278,BSE:COALINDIA-A
533281,TECHNO ELE  
533282,BSE:GRAVITA-A
533284,BSE:RPPINFRA-B
533286,BSE:MOIL-A
533287,BSE:ZEELEARN-B
533289,BSE:KTIL-X
533292,BSE:A2ZINFRA-T
533293,BSE:KIRLOSENG-A
533294,BSE:RKDL-B
533295,BSE:PSB-B
533296,BSE:FMNL-B
533298,BSE:SURANASOL-B
533301,BSE:SHEKHAWATI-B
533302,BSE:KICL-B
533303,BSE:BFINVEST-B
533306,BSE:SUMMITSEC-B
533309,DALMIABHA   
533316,BSE:STEL-B
533317,BSE:OMKARCHEM-Z
533320,JUBILNT IND 
533326,BSE:TEXRAIL-A
533329,BSE:INDTERRAIN-B
533333,BSE:FCL-B
533336,BSE:DHUNINV-B
533339,BSE:ZENTEC-A
533343,BSE:LOVABLE-B
533344,BSE:PFS-B
533389,SHILPI CABLE
533393,TCI DEVELP  
533398,BSE:MUTHOOTFIN-A
533400,FCONSUMER   
533407,BSE:TRUEGREEN-XT
533411,SANGH FORG  
533451,BSE:KARMAENG-B
533452,BSE:DELPHIFX-B
533470,BSE:RUSHIL-B
533482,BSE:KRIDHANINF-B
533506,BSE:INVENTURE-B
533519,BSE:LTF-A
533520,BSE:IBULLSLTD-B
533540,BSE:TREEHOUSE-T
533543,BSE:BROOKS-B
533552,BSE:RUPA-B
533553,BSE:TDPOWERSYS-A
533569,SRS LIMITED 
533573,BSE:APLLTD-A
533576,BSE:VASWANI-B
533581,BSE:PGEL-A
533605,BSE:SETUINFRA-Z
533629,BSE:TIJARIA-T
533632,BSE:ONELIFECAP-B
533638,BSE:FLEXITUFF-B
533644,BSE:UEL-B
533655,BSE:TRITURBINE-A
533704,BSE:ESSARSHPNG-B
533758,BSE:APLAPOLLO-A
533761,BSE:GPTINFRA-B
533982,BSE:TERASOFT-B
534076,BSE:RHIM-A
534091,BSE:MCX-A
534139,BSE:SCHNEIDER-T
534184,NORL        
534309,BSE:NBCC-A
534312,BSE:MTEDUCARE-T
534328,BSE:HEXATRADEX-B
534369,BSE:TBZ-B
534392,BSE:VSSL-B
534532,BSE:LYPSAGEMS-B
534597,BSE:RTNINDIA-A
534598,BSE:SAMPANN-B
534612,BSE:AMTL-X
534615,BSE:NECCLTD-B
534674,BSE:DUCON-B
534675,BSE:PROZONER-B
534690,LAKSHMIVILAS
534707,ANSHUS CLOTH
534731,BRONZE INFRA
534742,BSE:ZUARI-B
534756,TARA JEWELS 
534758,BSE:CIGNITITEC-A
534804,BSE:CARERATING-A
534809,BSE:PCJEWELLER-A
534816,BSE:INDUSTOWER-A
534976,BSE:VMART-A
535276,BSE:SBISENSEX-A
535322,BSE:REPCOHOME-B
535458,BSE:NIBL-B
535467,AIFL        
535601,BSE:SREEL-B
535602,BSE:SHARDAMOTR-B
535648,BSE:JUSTDIAL-A
535694,EDSL        
535754,BSE:ORIENTCEM-A
535755,BSE:ABFRL-A
535789,BSE:SAMMAANCAP-A
536128,VKJINFRA    
536264,BSE:TIGERLOGS-B
536507,BSE:FLFL-Z
536592,SKFL        
536672,BSE:VCU-X
536773,BSE:JPOLYINVST-B
537007,BSE:NIFTYIETF-B
537008,BSE:NIF100IETF-B
537291,BSE:NATHBIOGEN-B
537292,BSE:AGRITECH-T
537483,BSE:NIF100BEES-B
537708,BSE:NIFTY1-B
537820,BSE:VIJIFIN-B
538057,BSE:CPSEETF-A
538268,BSE:WONDERLA-B
538365,BSE:INCREDIBLE-B
538562,BSE:SKIPPER-A
538567,BSE:GULFOILLUB-B
538635,BSE:SNOWMAN-B
538666,BSE:SHARDACROP-A
538685,BSE:SHEMAROO-B
538730,BSE:PDSL-B
538771,PINCON      
538835,BSE:INTELLECT-A
538836,BSE:MONTECARLO-B
538902,BSE:DTIL-B
538941,RCBFIIBG    
538961,BSE:GENUSPAPER-B
538962,BSE:MINDACORP-A
538979,BSE:GREENLAM-B
539015,BSE:ORTEL-Z
539031,BSE:SETFBSE100-A
539043,MANAKINDLTD 
539044,BSE:MANAKSTEEL-B
539046,BSE:MANAKCOAT-B
539056,BSE:IMAGICAA-B
539083,BSE:INOXWIND-A
539118,BSE:VRLLOG-B
539126,BSE:MEP-Z
539141,BSE:UFO-B
539150,BSE:PNCINFRA-A
539207,MANPASAND   
539251,BSE:BALKRISHNA-B
539252,BSE:SHYAMCENT-B
539254,BSE:ADANIENSOL-A
539268,BSE:SYNGENE-A
539276,BSE:KAYA-B
539287,BSE:ORTINGLOBE-T
539289,BSE:AURUM-B
539290,BSE:OSWALGREEN-B
539301,BSE:ARVSMART-B
539302,BSE:POWERMECH-A
539309,BSE:RAMASTEEL-B
539312,BSE:SENSEXBETA-A
539313,BSE:NIFTYBETA-B
539331,BSE:VETO-B
539332,BSE:NAVKARCORP-B
539333,PENPEBS     
539334,BSE:SHREEPUSHK-B
539336,BSE:GUJGASLTD-A
539346,BSE:SADBHIN-B
539347,PHL         
539351,PRABHAT     
539404,BSE:SATIN-B
539436,BSE:COFFEEDAY-B
539437,BSE:IDFCFIRSTB-A
539448,BSE:INDIGO-A
539450,BSE:SHK-B
539480,BSE:LICNETFN50-B
539516,BSE:HDFCNIFTY-B
539523,BSE:ALKEM-A
539524,BSE:LALPATHLAB-A
539542,BSE:LUXIND-B
539551,BSE:NH-A
539597,JSLHISAR    
539636,BSE:PRECAM-B
539658,BSE:TEAMLEASE-B
539678,BSE:QUICKHEAL-B
539725,BSE:GOKULAGRO-B
539742,BSE:SIMBHALS-Z
539785,BSE:PDMJEPAPER-B
539787,BSE:HCG-A
539799,BSE:BHARATWIRE-B
539807,BSE:CCAVENUE-A
539844,EQUITAS     
539861,SKIL        
539871,BSE:THYROCARE-B
539874,UJJIVAN     
539876,BSE:CROMPTON-A
539889,BSE:PARAGMILK-B
539917,BSE:NAGAFERT-B
539940,MAXVIL      
539957,BSE:MGL-A
539978,BSE:QUESS-A
539979,BSE:DIGJAMLMTD-B
539980,BSE:MIDSELIETF-B
539981,MAXINDIA    
539992,BSE:LLOYDSENGG-A
540005,BSE:LTM-A
540025,BSE:ADVENZYMES-B
540047,BSE:DBL-A
540048,BSE:SPAL-B
540061,BSE:BIGBLOC-B
540064,FRETAIL     
540065,BSE:RBLBANK-A
540071,CAMSONSEEDS 
540073,BSE:BLS-A
540081,BSE:SABEVENTS-T
540083,BSE:TVVISION-T
540115,BSE:LTTS-A
540124,BSE:GNA-B
540133,BSE:ICICIPRULI-A
540136,BSE:HPL-B
540153,BSE:ENDURANCE-A
540154,BSE:IDFSENSEXE-A
540173,BSE:PNBHOUSING-A
540180,BSE:VBL-A
540192,BSE:LKPSEC-X
540203,BSE:SFL-A
540210,BSE:HEADSUP-B
540212,BSE:TCIEXP-B
540222,BSE:LAURUSLABS-A
540293,BSE:PRICOLLTD-A
540366,BSE:RADIOCITY-B
540376,BSE:DMART-A
570001,TATAMTRTDVR 
570002,BSE:FELDVR-Z
570003,GUJNREBNDVR 
570004,BSE:JISLDVREQS-B
580001,STAN CHART  
590003,BSE:KARURVYSYA-B
590005,BSE:VEEDOL-B
590006,BSE:AMRUTANJAN-B
590013,BSE:XPROINDIA-B
590018,BSE:HISARMETAL-B
590021,BSE:BHARATRAS-B
590022,EASTER SI(PS
590024,BSE:FACT-B
590025,BSE:GINNIFILA-B
590030,BSE:SPIC-B
590031,BSE:DENORA-B
590038,VISU INTL   
590041,BSE:KAVDEFENCE-T
590043,HARITA SEAT 
590051,BSE:SAKSOFT-B
590062,BSE:ANDHRSUGAR-B
590066,BSE:KCP-B
590070,BSE:RADAAN-B
590071,BSE:SUNDARMFIN-B
590072,BSE:SUNDRMBRAK-B
590073,BSE:WHEELS-B
590075,BSE:LAMBODHARA-B
590078,BSE:MAITHANALL-B
590086,BSE:ORISSAMINE-B
590103,BSE:NIFTYBEES-B
590104,BSE:JUNIORBEES-B
590106,BSE:BANKBEES-B
590107,BSE:PSUBANK-B
590134,BSE:MADRASFERT-B
600180,HDFC BANK LT
639844,EQUITAS     
514348,BSE:WINSOME-Z
514354,BSE:PREMIERPOL-B
516082,BSE:NRAIL-B
521014,BSE:EUROTEXIND-T
531590,BILPOWER LTD
531892,BSE:KHANDSE-B
532398,BSE:UMESLTD-B
533227,BSE:AHLEAST-B
533676,BSE:INDOTHAI-B
536960,BSE:MOM100-B
538683,BSE:SENSEXBEES-A
538856,RCBFIIAG    
539945,BSE:NV20IETF-B
540425,BSE:SHANKARA-B
555555,BSE:SENSEXIETF-A
590065,BSE:IMPAL-B
590108,BSE:PSUBNKBEES-B
590110,BSE:QNIFTY-B
600770,TATA CHEMICA
632514,INDRA GAS   
501295,BSE:IITL-B
513151,STI INDIA LT
532307,MELSTAR INFO
533321,BIL ENERGY  
536995,RCLENDPLAG  
538940,RCBFIIBD    
539052,BSLFEFS5RG  
600251,TRENTSL     
632659,IDFC        
524709,BSE:NACLIND-B
539517,BSE:HDFCSENSEX-A
500245,BSE:KIRLFER-B
502219,BSE:BORORENEW-A
505283,BSE:KIRLPNU-A
509525,BSE:EMPIND-X
512553,BSE:ZENITHEXPO-B
518091,BSE:APCL-B
523628,PODDAR      
532468,BSE:KAMAHOLD-A
533288,CLARIS LIFE 
534623,BSE:JUPITERIN-X
535667,BSE:IFINSEC-X
538709,SEOFIGR     
538719,RCAPBUILCD  
538720,RCAPBUILCG  
590115,BSE:MOM50-B
509220,BSE:PTL-B
536994,RCLENDPLAD  
512597,BSE:KEYFINSERV-B
539784,BSE:LICNFNHGP-B
533204,MANDHANA    
538808,D3YRCEERG   
540403,BSE:CLEDUCATE-B
532293,SOFTWARE TEC
538892,IPRU2586    
538755,BSLFEFS3RG  
539134,HFEFBRG     
538310,IPRU2366    
538715,BSE:DHABRIYA-X
538861,AMSONS      
590109,BSE:SHARIABEES-B
600690,GUJ.ST.FERT 
500254,UTTAMVALUE  
500327,BSE:PILITA-B
501150,BSE:CENTRUM-B
505230,CIMMCO      
506074,ARSHIYA     
511413,BSE:CREST-B
511559,BSE:TEAMGTY-B
512296,BSE:BHAGYANGR-B
513597,SURANA INDS 
521034,BSE:SOMATEX-T
523708,BSE:EIMCOELECO-B
526173,BSE:ANDREWYU-B
526849,BSE:BANARBEADS-B
531439,BSE:GOLDTECH-B
531556,BSE:CORALFINAC-B
532081,KSERASERA   
532143,BSE:SKMEGGPROD-B
532156,BSE:VAIBHAVGBL-B
532324,BSE:CINEVISTA-B
532368,BSE:BCG-T
532416,BSE:NEXTMEDIA-B
532439,BSE:OLECTRA-A
532521,BSE:PALREDTEC-B
532604,BSE:SALSTEEL-T
532624,BSE:JINDALPHOT-B
532640,BSE:CYBERMEDIA-B
532646,UNIPLY IND  
532666,BSE:FCSSOFT-B
532707,BSE:DYNPRO-B
532751,EASUNREYRL  
532877,SIMPLEX PROJ
532946,BSE:BANG-B
533095,BSE:BENGALASM-B
533178,PRADIPOVERS 
534425,BSE:SPECIALITY-B
534691,BSE:COMCL-X
534748,BSE:STEELXIND-B
537254,RCI IND     
537259,BSE:SUYOG-B
538019,OBI LTD     
538420,RCLENDIIAD  
538547,OASIS       
538706,BSE:ULTRACAB-X
538713,BSE:ATISHAY-X
538812,AANCHALISP  
539017,BSE:STARHFL-X
539169,FUNNY       
539447,BEARDSELL   
540469,IPRU2933    
540497,BSE:SCHAND-B
540530,BSE:HUDCO-A
540544,BSE:PSPPROJECT-B
540575,BSE:STARCEMENT-A
540593,HEOF1126RG  
540595,BSE:TEJASNET-A
540596,BSE:ERIS-A
540602,BSE:GTPL-B
540611,BSE:AUBANK-A
590056,BSE:SALONA-B
632938,CAPF        
530023,BSE:THEINVEST-B
531847,BSE:ASTAR-B
533048,BSE:TPHQ-B
538180,GOLD LINE   
538809,D3YRCEERDP  
539070,RCBFIICG    
539487,BSE:LICNETFSEN-A
540636,HEOF1100RG  
540637,HEOF1100RD  
540616,ARTEMIS     
619600,CCL PRODUCTS
540594,HEOF1126RD  
530135,BSE:OPTIEMUS-B
540642,BSE:SALASAR-B
540669,BSE:NEXT50BETA-B
535141,SUNSTAR R   
538928,BSE:KARNAVATI-X
538421,RCLENDIIAG  
540673,BSE:SIS-B
538419,RCLEDIIADG  
540678,BSE:COCHINSHIP-A
538982,HFEFRG      
540680,BSE:KIOCL-A
502448,BSE:ROLLT-T
513179,NAT STL AGRO
523260,BSE:PEARLPOLY-B
532141,BSE:ACL-B
532332,BSE:CURAA-T
532609,BHARATIDIL  
532665,RAJVIR IND  
532692,RADHA MADHAV
532765,USHER AGRO  
532813,C & C CONSTR
532817,BSE:ORIENTALTL-B
532875,BSE:ADSL-B
532878,BSE:ALPA-B
532894,BSE:INDOWIND-B
533203,BSE:TARAPUR-B
536974,BSE:CPL-X
539045,BSE:MANAKALUCO-T
540653,SINTEXPLAST 
501343,BSE:MOTOGENFIN-B
519383,BSE:ANIKINDS-B
590068,BSE:KHAITANLTD-B
532290,BSE:BLBLIMITED-T
505710,BSE:GRAUWEIL-B
514470,BSE:WINSOMTX-B
523301,BSE:TCPLPACK-B
530555,BSE:PARACABLES-B
532990,METKORE     
533109,EURO MULTI  
537326,BSE:CHEMTECH-X
537954,SKP         
538598,BSE:VISHAL-B
539228,BSE:GGPL-Z
540621,BHAGYAPROP  
540649,BSE:AVADHSUGAR-B
540650,BSE:MAGADSUGAR-B
540679,BSE:HALEOSLABS-B
540691,BSE:ABCAPITAL-A
540692,BSE:APEX-B
540699,BSE:DIXON-A
540700,BSE:BRNL-B
540701,BSE:DCAL-B
540704,BSE:MATRIMONY-B
540709,BSE:RHFL-Z
540710,BSE:CAPACITE-B
540716,BSE:ICICIGI-A
540719,BSE:SBILIFE-A
540724,BSE:DIAMONDYD-B
540743,BSE:GODREJAGRO-A
540749,BSE:MASFIN-B
540750,BSE:IEX-A
540755,BSE:GICRE-A
540762,BSE:TIINDIA-A
540767,BSE:NAM-INDIA-A
540768,BSE:MAHLOG-B
540769,BSE:NIACL-A
540774,BSE:IFGLEXPOR-B
540775,BSE:KHADIM-B
540776,BSE:5PAISA-B
540777,BSE:HDFCLIFE-A
540787,BSE:ICICIB22-A
570005,BSE:GATECHDVR-B
538841,BSLFEFS4RG  
540336,AXISE2GPG   
639207,MANPASAND   
539226,BSE:RUDRA-B
540612,BSE:LOWVOLIETF-B
538833,BSE:KAIZENAGRO-X
539220,BSE:MISHKA-X
538728,IPRU2511    
538957,LICNFR3G    
537766,BSE:BCP-XT
540793,HHOF1140RG  
540794,HHOF1140RD  
540251,AXISE1GPG   
540797,BSE:SHALBY-B
540799,DACEFRG     
540800,DACEFRDP    
540798,FSC         
540791,HHOF1140DG  
540008,BSE:BSLSENETFG-A
540552,AXISAEGPG   
540789,BSE:DNAMEDIA-B
500151,BSE:GOLDENTOBC-Z
500890,BSE:MODIRUBBER-B
501061,ST.BANK BIKA
504269,KHAITAN ELEC
507260,OUDH SUGAR  
509069,BSE:INFOMEDIA-B
511012,BSE:YAMNINV-XT
511427,ATN INTER.  
511618,JIK INDUS.  
517230,BSE:PAEL-XT
522259,KALINDEE RAI
526683,HOTEL RUGBY 
530505,UPPER GANGES
531921,BSE:AGARIND-B
532191,STATE BNK TR
532200,STATE BNK MY
532312,GEOMETRIC L 
532738,BSE:TICL-B
532837,ORBITCO     
533007,BSE:LGBFORGE-X
534680,BSE:SRGHFL-B
536666,STAR FERRO  
590057,BSE:EQUIPPP-T
590094,FARMAX IND  
531738,SILICON VAL.
632218,SOUTH IND.BK
537644,BSLFEFS1RG  
537201,RCLENDPLBG  
538501,IPRU2401    
532912,NET 4 INDIA 
540194,BSLRIFS2RG  
537866,HRGESSRG2   
639874,UJJIVAN     
500174,BSE:GLFL-T
505029,BSE:ATLASCYCLE-B
523236,SHRENUJ & CO
532682,ABG SHIPYARD
536170,KUSHAL      
531936,BLUE CHIP(I)
537958,LICNFR2GP   
538015,BSLFEFS2RG  
537200,RCLENDPLBD  
632843,FORTIS      
538818,SEOFIIGR    
639889,PARAGMILK   
538633,BSE:NCAPBUILBG-B
538577,IPRU2428    
631373,BYKE HOSP   
538855,RCBFIIAD    
539095,IPRU2640    
537867,HRGESSRD2   
539100,IPRU2626    
538763,IPRU2530    
536992,RCLEDPLADD  
540538,IPRU2955    
538983,HFEFRD      
540335,AXISE2DPD   
540761,RCBFIVAG    
530805,BSE:OIVL-X
538710,SEOFIDR     
633288,CLARIS LIFE 
540378,BSLRIFS3RG  
539205,RCBFIIIAG   
500298,BSE:NAPEROL-X
500346,BSE:PUNJCOMMU-B
505255,BSE:GMMPFAUDLR-A
509709,BSE:INTLCONV-B
524324,BSE:SEYAIND-T
532485,BSE:BLIL-B
533016,AUSTRAL COKE
533208,BSE:EMAMIPAP-B
538732,BSE:VGCL-X
538733,STARLIT     
538734,BSE:CEINSYS-B
538772,BSE:NIYOGIN-X
539042,BSE:AGIIL-B
539225,JIYAECO     
539399,BSE:BELLACASA-B
540648,BSE:PALASHSECU-B
540702,BSE:LASA-B
540824,BSE:ASTRON-B
540861,IPRU3018    
540879,BSE:APOLLO-A
540900,BSE:NEWGEN-A
540901,BSE:PRAXIS-B
540902,BSE:AMBER-A
540935,BSE:GALAXYSURF-A
540961,BSE:SHIVAMILLS-B
540975,BSE:ASTERDM-A
541019,BSE:HGINFRA-B
541143,BSE:BDL-A
541153,BSE:BANDHANBNK-A
541154,BSE:HAL-A
541163,BSE:SANDHAR-B
890144,TATASTEELPP 
890145,IBVENTUREPP 
540647,BSE:GANGESSECU-B
540862,IPRU3019    
541085,DACE2RDP    
541092,ABSLRIF6RG  
541179,ISEC        
541195,BSE:MIDHANI-A
540981,KTKIND4RG   
541084,DACE2RG     
540826,RCBFIVCG    
540949,IPRU3035    
541233,BSE:LEMONTREE-A
541093,ABSLRIF6RD  
541161,BSE:DHARAN-Z
540781,RCBFIVBG    
540683,IPRU2992    
504918,BSE:SANDUMA-B
523025,BSE:SAFARI-A
523465,BSE:INDBNK-B
523660,BSE:WATERBASE-XT
524013,HIND.FLUROCA
524663,BSE:BIBCL-B
531463,GBLINFRA    
531737,BSE:GREENCREST-X
539223,AMBITION    
539227,BSE:LOYAL-X
539363,SKC         
539798,BSE:UMIYA-X
539841,BSE:LANCER-X
541301,BSE:ORIENTELEC-B
541313,BSE:BSE500IETF-A
541336,BSE:INDOSTAR-B
541403,BSE:DOLLAR-B
541450,BSE:ADANIGREEN-A
541540,BSE:SOLARA-B
541545,TALWGYM     
541556,BSE:RITES-A
541557,BSE:FINEORG-A
541578,BSE:VARROC-A
541678,TVF1G       
541700,TCNSBRANDS  
890146,HATSUNPP    
531381,BSE:ARIHANT-B
541679,TVF1GZ      
541726,IDFCEOS6RD  
541729,BSE:HDFCAMC-A
541677,TVF1DZ      
540982,KTKIND4RD   
541725,IDFCEOS6RG  
541744,TVF2G       
541676,TVF1D       
541702,BSE:ASHNI-XT
541742,TVF2D       
523323,BSE:KOVAI-B
524518,BSE:KREBSBIO-B
526027,BSE:CUBEXTUB-B
540617,BSLRIFS4RG  
540897,RCBFIVDG    
541269,BSE:CHEMFAB-B
541546,BSE:GAYAHWS-B
541770,BSE:CREDITACC-A
541309,IPRU3095    
541804,IPRU3168    
541252,ABSLRIF7RG  
539142,NIFTYEES    
541805,IPRU3169    
541809,BSE:NEXT50IETF-B
539686,BSE:KPEL-B
539939,BSE:YASHCHEM-X
540027,PTIL        
541735,BSE:VIVANTA-X
541741,BSE:FRATELLI-X
541771,BSE:AMINTAN-X
541956,BSE:IRCON-A
541972,BSE:SETFSN50-A
541988,BSE:AAVAS-A
542011,BSE:GRSE-A
542066,BSE:ATGL-A
542131,BSE:NIFTYETF-B
541890,BSE:SPACEINCUBA-XT
511742,BSE:UGROCAP-B
514394,AJIL        
522108,BSE:YUKEN-B
541745,TVF2GZ      
542156,IPRU3218    
539428,BSE:TEJNAKSH-X
539921,BSE:SEIL-X
539884,BSE:DARSHANORNA-X
541984,RIOSAG      
542141,BSE:TECHNOE-A
541986,RIOSADG     
542158,IPRU3219    
540898,RCBFIVDDG   
540899,RCBFIVDD    
639658,TEAMLEASE   
540801,DACEFDG     
539397,IPRU2722    
540827,RCBFIVBCG   
540423,CD50R       
540780,RCBFIVBD    
540551,AXISAEDGG   
540711,IPRU3003    
538924,IPRU2591    
540779,RCBFIVBDG   
540828,RCBFIVCD    
540864,IPRU9221    
540947,IPRU3034    
540825,RCBFIVBCD   
612179,SUNTECK REAL
632175,CYIENTSL    
632187,INDUS IND BK
632848,DELTA CORP  
640750,IEX         
639450,SHK         
600488,ABBOTT INDIA
540422,CA10R       
539053,BSLFEFS5RN  
539135,KTKKIGFD    
539063,RCBFIICDD   
541985,RIOSAD      
541310,IPRU3096    
540272,IPRU2897    
541879,KTKIND7RG   
540101,BSLRIFS1DG  
540802,DACEFDDP    
526829,BSE:CONFIPET-B
539275,BSE:MSL-X
539310,BSE:THINKINK-X
539883,BSE:PILANIINVS-B
540080,BSE:DHATRE-X
542216,BSE:DALBHARAT-A
542230,BSE:ABSLNN50ET-B
542231,BSE:NILASPACES-B
542233,BSE:TREJHARA-B
542333,BSE:RPSGVENT-B
542337,BSE:SPENCERS-B
542367,BSE:XELPMOC-B
542399,BSE:CHALET-A
542460,BSE:ANUP-A
542484,BSE:ARVINDFASN-A
542513,BSE:SNXT50BETA-A
542247,AXISCCGPG   
542649,BSE:RVNL-A
542597,BSE:MSTCLTD-B
542650,BSE:METROPOLIS-A
542652,BSE:POLYCAB-A
542641,CKFSL       
500078,BSE:OAL-B
532411,VISESH INFO.
533103,JINDALCOTEX 
538119,BSE:RNBDENIMS-T
539201,BSE:SATIA-B
539872,BSE:BAJAJHCARE-B
539982,ASYL        
539986,BSE:COMSYN-B
542651,BSE:KPITTECH-A
542655,BSE:VIKASLIFE-B
542665,BSE:NEOGEN-B
542685,BSE:DGCONTENT-B
542726,BSE:INDIAMART-A
542729,BSE:DCMNVL-B
542730,BSE:BANKIETF-B
540401,BSE:MAXIMUS-X
542752,BSE:AFFLE-A
539837,BSE:RPEL-B
542747,BSE:SNXT50BEES-A
542758,BSE:PVTBANIETF-B
542759,BSE:SPANDANA-B
505526,BSE:DOLATALGO-B
530879,BSE:CIFL-B
542760,BSE:SWSOLAR-A
542684,BSE:PPL-B
539800,BSE:CHDCHEM-X
540590,BSE:RIDDHICORP-X
540615,BSE:7NR-X
502180,BSE:SHREDIGCEM-B
519307,BSE:VIKASWSP-Z
524396,BSE:BIOFILCHEM-B
530871,BSE:CHEMBOND-B
531337,JUMPNET     
531518,BSE:VIKASPROP-Z
531761,BSE:APOLLOPIPE-B
532937,BSE:KUANTUM-B
534618,BSE:WAAREERTL-A
540405,BSE:OCEANIC-X
540725,BSE:SHAREINDIA-B
540730,BSE:MEHAI-X
541071,AXISCBGPG   
542682,BSE:HARISH-X
542772,BSE:360ONE-A
542773,BSE:IIFLCAPS-A
542774,BSE:MUFIN-B
542812,BSE:FLUOROCHEM-A
542830,BSE:IRCTC-A
542839,REHSPD      
542847,RESSPL      
542852,BSE:VISHWARAJ-B
542857,BSE:GREENPANEL-B
539963,BSE:ZEAL-XT
542867,BSE:CSBBANK-A
539526,BSE:SCTL-X
542843,REHSPG      
519126,BSE:HNDFDS-B
542863,BSE:ABSLBANETF-B
542904,BSE:UJJIVANSFB-A
542808,RESSPC      
542907,BSE:PRINCEPIPE-B
540098,BSLRIFS1RG  
540586,IPRU2969    
542160,IPRU9420    
540591,HEOF1126DG  
540470,IPRU9135    
538446,BSE:MONEYBOXX-B
542837,RESSPE      
542844,REHSPH      
540792,HHOF1140DD  
542819,REHSPM      
542846,REHSPL      
500214,BSE:IONEXCHANG-A
507526,BSE:ASALCBR-B
523754,BSE:MAHEPC-B
540697,AMFL        
542905,BSE:HINDWAREAP-B
542919,BSE:ARTEMISMED-B
542920,BSE:SUMICHEM-A
542921,BSE:MIDCAPIETF-B
542922,BSE:NEXT50-B
542932,BIRLATYRES  
542933,BSE:UNIVPHOTO-T
543064,BSE:COHANCE-A
543066,BSE:SBICARD-A
543174,BSE:11GPG-B
543181,BSE:11AGG-B
543182,BSE:11AMD-B
542817,NIEHSPI     
542862,BSE:SHAHLON-X
543150,BSE:08GPG-B
543170,BSE:08ADD-B
543179,BSE:11ADD-B
543184,BSE:11AQD-B
517273,BSE:S&SPOWER-T
535958,BSE:ESSENTIA-B
540545,BSE:BGJL-XT
543151,BSE:08ABB-B
540654,BSE:GSTL-X
543187,BSE:POWERINDIA-A
513343,GRAND FOUND 
517522,BSE:RAJRATAN-B
540078,BSE:MITSU-X
540147,BSE:SHASHIJIT-X
540614,BSE:GGENG-X
542670,BSE:AEPL-X
543213,BSE:ROSSARI-B
890147,RELIANCEPP  
890148,ABFRLPP     
543175,BSE:11MPD-B
543214,BSE:NDRAUTO-B
543219,BSE:ALPL30IETF-B
543221,BSE:ITIETF-B
507794,BSE:KHAICHEM-B
522014,BSE:UNIDT-B
533093,BSE:ROML-B
538566,APOLLOTRI   
539216,BSE:GARMNTMNTR-X
540145,BSE:VALIANTORG-B
540726,BSE:TTFL-B
540737,BSE:SGRL-X
540795,BSE:DYCL-B
540955,BSE:TDSL-XT
540956,BSE:BHATIA-X
541167,BSE:YASHO-B
541865,BSE:ASRL-B
542804,NIESSPJ     
542845,NIEHSPJ     
542848,NIESSPM     
543210,BSE:AARTISURF-B
543212,BSE:BOROLTD-B
543220,BSE:MAXHEALTH-A
543223,BSE:MAXIND-B
543224,BSE:HDFCNIFBAN-B
543226,BSE:BANKBETA-B
543227,BSE:HAPPSTMNDS-A
543228,BSE:ROUTE-B
543232,BSE:CAMS-A
543233,BSE:CHEMCON-B
543235,BSE:ANGELONE-A
543237,BSE:MAZDOCK-A
543238,BSE:UTIAMC-A
543240,BSE:LIKHITHA-B
543242,BSE:HEMIPROP-B
543243,BSE:EQUITASBNK-A
543245,BSE:GLAND-A
543246,BSE:ESG-B
890149,SATINPP     
890151,MOLDTEKPP   
540587,IPRU2970    
540936,BSE:GGL-B
541444,BSE:PALMJEWELS-B
543248,BSE:RBA-A
543186,BSE:11DPD-B
543253,BSE:BECTORFOOD-A
890150,RUSHILPP    
541070,AXISCBDPD   
541672,IPRU3143    
540626,IPRU2987    
542809,NIESSPP     
543169,BSE:08DPR-B
540627,IPRU2988    
541743,TVF2DZ      
532986,BSE:NIRAJ-B
507779,BSE:KANPRPLA-B
522215,BSE:HLEGLAS-B
524091,BSE:CARYSIL-B
524332,BSE:BCLIND-B
532742,BSE:PAUSHAKLTD-B
539407,BSE:GENCON-B
539660,BSE:BESTAGRO-T
540205,BSE:AVL-A
540693,BSE:SHISHIND-T
541778,BSE:DEEP-B
542057,BSE:BCPL-B
543173,BSE:11DPR-B
543176,BSE:11MPR-B
543249,BSE:TARC-B
543251,BSE:RVHL-B
543252,BSE:FAIRCHEMOR-B
543254,BSE:AWHCL-B
543255,BSE:INFRABEES-B
543257,BSE:IRFC-A
543258,BSE:INDIGOPNTS-B
543259,BSE:HOMEFIRST-A
543260,BSE:STOVEKRAFT-B
543263,BSE:SMCGLOBAL-B
543264,BSE:NURECA-B
543265,BSE:RAILTEL-A
543266,BSE:HERANBA-B
543268,BSE:DRCSYSTEMS-B
543270,BSE:MTARTECH-A
543272,BSE:EASEMYTRIP-A
543275,BSE:ANURAS-A
543276,BSE:CRAFTSMAN-A
543277,BSE:LXCHEM-A
543278,BSE:KALYANKJIL-A
543279,BSE:SURYODAY-B
543280,BSE:NAZARA-A
890153,AFLPP       
543271,BSE:JUBLINGREA-A
532019,BSE:LCCINFOTEC-T
543283,BSE:UFBL-B
542232,BSE:SRD-B
505590,BSE:SVPGLOB-T
506261,BSE:MODISONLTD-B
511605,BSE:ARIHANTCAP-B
513097,BSE:SBCL-B
526951,BSE:STYLAMIND-B
530307,BSE:CLSEL-B
532335,BSE:AMBICAAGAR-B
539398,BSE:VISHALBL-B
540786,BSE:SHARIKA-B
540796,BSE:RATNABHUMI-B
541634,BSE:RAWEDGE-B
541929,BSE:SGIL-B
541974,BSE:MANORAMA-A
542019,BSE:SHUBHAM-B
542034,BSE:SMGOLD-B
542323,BSE:KPIGREEN-A
542437,BSE:ANMOL-B
542579,BSE:AGOL-B
543281,BSE:SUVIDHAA-B
543287,BSE:LODHA-A
543288,BSE:DEEPINDS-B
543291,BSE:MAFANG-B
543292,BSE:HEALTHIETF-B
543298,BSE:VINEETLAB-B
543299,BSE:SHYAMMETL-A
543300,BSE:SONACOMS-A
543306,BSE:DODLA-A
543308,BSE:KIMS-A
543311,BSE:IPL-B
543317,BSE:GRINFRA-A
543318,BSE:CLEAN-A
543320,BSE:ETERNAL-A
543321,BSE:TATVA-B
541253,ABSLRIF7RD  
542841,NIEHSPE     
543177,BSE:11QPD-B
543323,BSE:BFSI-B
524412,BSE:AAREYDRUGS-B
540252,BSE:VSL-B
543322,BSE:ALIVUS-A
543325,BSE:ROLEXRINGS-B
539359,BSE:PRITIKAUTO-B
543326,BSE:FMCGIETF-B
543144,BSE:08MPD-B
543328,BSE:KRSNAA-B
543329,BSE:WINDLAS-B
543330,BSE:DEVYANI-A
541068,AXISCBD1D   
541418,BSE:NGIL-B
543333,BSE:CARTRADE-A
543156,BSE:08DPD-B
543334,BSE:NUVOCO-A
543335,BSE:APTUS-A
543336,BSE:CHEMPLASTS-B
543327,BSE:EXXARO-B
500153,BSE:GANESHBE-B
500456,BSE:PASUPTAC-B
500655,BSE:GRWRHITECH-A
501831,BSE:COASTCORP-B
506405,BSE:DMCC-B
507552,BSE:FOODSIN-B
513517,BSE:STEELCAS-B
514418,BSE:MANORG-B
526423,BSE:KRITI-B
531146,BSE:MEDICAMEQ-B
531719,BSE:BHAGCHEM-B
538402,SPS         
538970,BSE:WARDINMOBI-X
539402,BSE:NAKSH-B
540393,BSE:SMLT-B
540492,BSE:STARLENT-T
540519,BSE:MEERA-B
540694,BSE:ANG-B
540735,BSE:IRIS-B
541069,AXISCBDGG   
541302,BSE:DHRUV-B
542459,BSE:KRANTI-B
542667,WORL        
542721,BSE:ARL-B
542724,BSE:MURAE-T
542725,BSE:SBC-B
543331,BSE:MOL-B
543332,BSE:EPIGRAL-A
543347,BSE:AXISTECETF-B
543348,BSE:AXISHCETF-B
543349,BSE:ACUTAAS-A
543350,BSE:VIJAYA-A
543357,BSE:AXISCETF-B
543358,BSE:SANSERA-A
543365,BSE:MASPTOP50-B
543367,BSE:PARAS-A
543374,BSE:ABSLAMC-A
543383,BSE:CONSUMIETF-B
543384,BSE:NYKAA-A
543386,BSE:FINOPB-B
543387,BSE:SJS-A
543388,BSE:EQUAL50ADD-B
543389,BSE:SIGACHI-B
543390,BSE:POLICYBZR-A
543396,BSE:PAYTM-A
543397,BSE:SAPPHIRE-A
543398,BSE:LATENTVIEW-A
543399,BSE:TARSONS-B
543401,BSE:GOCOLORS-B
590136,BSE:BANKNIFTY1-B
590137,BSE:SETFNIFBK-B
590138,BSE:SETFNIF50-B
890152,URJAPP      
890157,AIRTELPP    
890158,RPPINFRPP   
500012,BSE:ANDHRAPET-X
501423,BSE:SHAILY-A
506685,BSE:ULTRAMAR-B
506687,BSE:TRANSPEK-X
514183,BSE:BLACKROSE-X
524774,BSE:NGLFINE-B
530131,UDAIPUR CEME
531449,BSE:GRMOVER-B
539148,BSE:SHIVALIK-B
539177,BSE:AIIL-A
530355,BSE:ASIANENE-B
890159,PATINTPP    
543412,BSE:STARHEALTH-A
543414,BSE:MAHKTECH-B
543413,BSE:TEGA-A
890160,VLIFEPP     
538546,BSE:BRPL-B
543415,BSE:ANANDRATHI-A
543416,BSE:ZODIAC-B
542770,BSE:ALPHALOGIC-B
543411,BSE:HITECH-B
543417,BSE:RATEGAIN-A
543419,BSE:SHRIRAMPPS-B
543154,BSE:08QPR-B
543420,BSE:JETFREIGHT-B
543425,BSE:MAPMYINDIA-A
543426,BSE:METROBRAND-A
543427,BSE:MEDPLUS-A
523369,BSE:DCMSRIND-B
543428,BSE:DATAPATTNS-A
543434,BSE:SUPRIYA-A
543437,BSE:MONQ50-B
543438,BSE:MIDQ50ADD-B
543440,BSE:NIFTYADD-B
543441,BSE:CMSINFO-A
542810,NIESSPA     
540863,IPRU9220    
541673,IPRU3144    
542849,NIESSPN     
541094,ABSLRIF6DG  
541095,ABSLRIF6DD  
543153,BSE:08AGG-B
541255,ABSLRIF7DD  
541254,ABSLRIF7DG  
542246,AXISCCDPD   
543297,IWEL        
542842,NIESSPK     
890156,KILPP       
542838,NIESSPF     
542244,AXISCCDID   
542245,AXISCCDGG   
500333,BSE:PIXTRANS-B
504000,BSE:ELPROINTL-B
507910,BSE:FIBERWEB-T
511551,BSE:MONARCH-B
512455,BSE:LLOYDSME-A
514450,BSE:MHLXMIRU-B
523384,BSE:MAHAPEXLTD-B
524342,BSE:INDOBORAX-B
532029,BSE:SINDHUTRAD-B
534600,BSE:JTLIND-B
539006,BSE:PTCIL-A
539400,BSE:MALLCOM-B
540125,BSE:RADHIKAJWE-B
540268,BSE:TRU-B
540727,BSE:POOJA-B
540738,BSE:STL-B
541352,BSE:MEGASTAR-B
542666,BSE:GKP-B
543433,BSE:HPAL-B
543442,BSE:BCONCEPTS-B
543450,BSE:AUTOIETF-B
543451,BSE:AGSTRA-Z
543454,BSE:MAKEINDIA-B
543458,BSE:AWL-A
543462,BSE:DEVIT-B
543463,BSE:MANYAVAR-A
543465,BSE:MOMOMENTUM-B
543470,BSE:SOFTTECH-B
543472,BSE:TECH-B
543473,BSE:HEALTHY-B
543474,BSE:BSLNIFTY-B
543481,BSE:MIDCAPETF-B
543482,BSE:EUREKAFORB-A
543501,BSE:MOLOWVOL-B
890164,WARDWIZPP   
532993,BSE:SEJALLTD-B
543489,BSE:GATEWAY-B
543490,BSE:GMRP&UI-A
541206,BSE:OBCL-B
542802,BSE:GALACTICO-B
543512,BSE:AVROIND-B
531358,BSE:CHOICEIN-A
543498,BSE:MSUMI-A
523329,BSE:ELDEHSG-B
541276,BSE:HARDWYN-T
542383,BSE:RITCO-B
517500,BSE:ROTO-B
543513,BSE:UMAEXPORTS-B
539097,BSE:URSUGAR-B
543514,BSE:VERANDA-B
524648,BSE:INDOAMIN-B
543517,BSE:HARIOMPIPE-B
503162,BSE:RELCHEMQ-B
506642,BSE:SADHNANIQ-B
506852,BSE:PRIMO-B
512267,BSE:MMWL-B
512381,BSE:STARTECK-B
514316,BSE:RAGHUSYN-X
522281,BSE:RAMRAT-B
524520,BSE:KMCSHIL-B
526817,BSE:CHEVIOT-B
530067,BSE:CSLFINANCE-B
539221,BSE:SPORTKING-B
539594,BSE:MISHTANN-X
539997,BSE:KPL-B
540717,BSE:PQIF-B
540937,BSE:MEDICO-B
540953,BSE:KENVI-B
541303,BSE:AKSHAR-B
541601,BSE:RAJNISH-B
542012,BSE:A1L-B
542013,BSE:DOLFIN-B
542046,BSE:VIVIDM-T
542285,BSE:AXITA-T
543284,BSE:EKI-B
543449,BSE:WEL-B
543523,BSE:CAMPUS-A
543524,BSE:RAINBOW-A
543525,BSE:SILVERTUC-B
543526,BSE:LICI-A
543527,BSE:PRUDENT-A
543528,BSE:VENUSPIPES-B
543529,BSE:DELHIVERY-A
543530,BSE:PARADEEP-A
543531,BSE:TIERRA-X
543532,BSE:ETHOSLTD-A
543533,BSE:EMUDHRA-B
543534,BSE:AETHER-A
543535,BSE:WEWIN-B
890169,DYNPROPP    
543563,BSE:MOHEALTH-B
524037,BSE:RAMAPHO-B
532407,BSE:MOSCHIP-A
543547,BSE:DDEVPLSTIK-B
543568,BSE:MOM30IETF-B
514036,BSE:LOYALTEX-T
543569,BSE:HDFCNIF100-B
543570,BSE:HDFCNEXT50-B
504882,BSE:NATIONSTD-B
539659,BSE:KAMATS-B
543571,BSE:INFRAIETF-B
543574,BSE:NIFTYQLITY-B
543575,BSE:MOMENTUM-B
543573,BSE:SYRMA-A
543576,BSE:MOVALUE-B
543577,BSE:MOQUALITY-B
505872,BSE:WPIL-B
511076,BSE:AEROENTER-B
512379,BSE:CRSL-X
514448,BSE:JYOTIRES-B
524470,BSE:SYNCOMF-B
524542,BSE:SUKHJITS-B
530079,BSE:FAZE3Q-T
533210,BSE:KRITINUT-B
535431,BSE:GCMSECU-B
539314,BSE:UNIAUTO-B
540377,BSE:IFL-B
540395,BSE:CHEMCRUX-B
540757,BSE:SCPL-T
541152,BSE:GOYALALUM-T
541400,BSE:ZIMLAB-B
543211,BSE:BONLON-T
543591,BSE:DREAMFOLKS-B
543593,BSE:DBOL-B
543596,BSE:TMB-A
543599,BSE:KSOLVES-B
543600,BSE:HARSHA-B
543605,BSE:HDFCQUAL-B
543607,BSE:HDFCGROWTH-B
543608,BSE:HDFCVALUE-B
543614,BSE:TIPSFILMS-B
543625,SECURCRED   
543626,BSE:EMIL-A
543628,BSE:HDFCMOMENT-B
543635,BSE:PPLPHARMA-A
543638,BSE:TRACXN-B
543643,BSE:NARMADA-B
543644,BSE:INFOBEAN-B
543645,BSE:HPIL-B
543650,BSE:DCXINDIA-B
543652,BSE:FUSION-B
543653,BSE:BIKAJI-A
543654,BSE:MEDANTA-A
543657,BSE:ACI-A
543663,BSE:FIVESTAR-A
543664,BSE:KAYNES-A
543665,BSE:HDFCNIFIT-B
543666,BSE:HDFCPVTBAN-B
543667,BSE:INOXGREEN-A
543668,BSE:BBTCL-B
543669,BSE:RUSTOMJEE-B
543670,BSE:VINNY-B
543671,BSE:AAATECH-B
543677,BSE:FINIETF-B
890174,COASTPP     
890176,SUZLONPP    
543627,BSE:HDFCLOWVOL-B
543193,BSE:DJML-T
507753,BSE:TGVSL-B
543171,BSE:ROJL-B
543687,BSE:DHARMAJ-B
543688,BSE:SARVESHWAR-B
543686,BSE:SIRCA-B
543689,BSE:UNIPARTS-B
500262,BSE:HYBRIDFIN-B
890177,TFLPP       
543710,BSE:COMMOIETF-B
543711,BSE:SULA-A
543712,BSE:AFSL-B
543714,BSE:LANDMARK-B
543720,BSE:KFINTECH-A
543725,BSE:ELIN-B
890162,VECOPP      
541144,BSE:ACTIVE-B
542694,BSE:PARSHVA-T
543147,BSE:08AMD-B
543636,BSE:DCI-B
511589,BSE:AVONMORE-B
511724,BSE:BAIDFIN-B
519528,BSE:NORBTEAEXP-T
532626,BSE:POCL-B
533941,BSE:THOMASCOTT-B
539843,BSE:NINSYS-B
540396,BSE:MANOMAY-B
540809,BSE:MRCAGRO-B
541967,BSE:SKYGOLD-A
542918,BSE:GIANLIFE-Z
543218,BSE:SBGLP-B
543715,IEL         
543732,BSE:RADIANTCMS-B
543738,BSE:BANKADD-B
543743,BSE:AERONEU-B
543747,BSE:KAMOPAINTS-B
543748,BSE:AARTIPHARM-A
543767,BSE:BTML-B
543768,BSE:NSLNISP-A
543774,BSE:HDFCBSE500-B
543775,BSE:HDFCSML250-B
543776,BSE:HDFCMID150-B
543811,BSE:AIRAN-B
543812,BSE:DIVGIITTS-B
543819,BSE:PSUBNKIETF-B
543853,BSE:AXSENSEX-B
543858,BSE:LOWVOL-B
890168,AURUMPP     
890180,AARTIPP     
890181,SGRLPP      
500068,BSE:DISAQ-B
500414,BSE:TIMEX-B
526407,BSE:HAMPTON-X
532323,BSE:SHIVACEM-X
542020,BSE:AKI-B
532841,BSE:SAHYADRI-B
540952,BSE:LAL-B
538668,BSE:MIIL-B
542865,BSE:ANUROOP-B
543829,BSE:GSLSU-B
543896,BSE:AVALON-A
543861,BSE:USK-T
506854,BSE:TANFACIND-B
506879,BSE:GUJTHEM-B
516030,BSE:PAKKA-B
532435,BSE:SANINFRA-X
537785,BSE:RACE-B
538817,BSE:CAPPIPES-B
538891,BSE:MCLOUD-B
540079,BSE:SPRAYKING-B
542248,BSE:DECCAN-B
542580,BSE:AARTECH-B
542851,GENSOL      
543230,BSE:ADVAIT-B
543898,BSE:BLAL-B
543901,BSE:RHL-B
543904,BSE:MANKIND-A
543910,BSE:AVG-B
543911,BSE:ATALREAL-B
543915,BSE:PAVNAIND-B
543917,BSE:SIGMA-B
543918,BSE:GHCLTEXTIL-B
543919,BSE:MKPL-B
543923,BSE:IKIO-B
543929,BSE:HMAAGRO-B
543930,BSE:URAVIDEF-B
543932,BSE:IDEAFORGE-B
543933,BSE:CYIENTDLM-B
543935,BSE:ITADD-B
543936,BSE:SENCO-A
543942,BSE:UTKARSHBNK-B
543944,BSE:BANKETF-B
543945,BSE:NETWEB-A
890175,GGLPP       
890187,CRESSANPP   
890186,NECCLTDPP   
543949,BSE:PVTBANKADD-B
543948,BSE:PSUBANKADD-B
543950,BSE:YATHARTH-A
543927,BSE:ASIAN-X
543947,BSE:SENSEXADD-A
543956,BSE:QUAL30IETF-B
543236,BSE:ATAM-B
543959,BSE:SBFC-A
543960,BSE:CONCORDBIO-A
539760,BSE:RELICAB-B
543952,BSE:NIITMTS-A
543965,BSE:TVSSCS-T
543954,BSE:ATL-B
543955,BSE:TREL-B
500284,BSE:LORDSCHLO-B
543957,BSE:REDTAPE-B
543958,BSE:VLEGOV-B
543962,BSE:DPWIRES-B
543972,BSE:AEROFLEX-B
500120,BSE:DIAMINESQ-B
500147,BSE:COCKERILL-B
500365,BSE:WELSPLSOL-B
504132,BSE:PERMAGN-X
506248,BSE:AMNPLST-B
508954,BSE:FINKURVE-B
520073,BSE:RACLGEAR-B
523419,BSE:TNTELE-B
531112,BSE:BALUFORGE-A
531201,BSE:SHILCTECH-B
531637,BSE:PRAVEG-B
532372,BSE:VIRINCHI-B
532406,BSE:AVANTEL-A
539018,BSE:BEEKAY-X
539199,BSE:SGFIN-B
539222,BSE:GROWINGTON-B
540923,BSE:ASHOKAMET-B
543234,BSE:SECMARK-B
543940,BSE:JIOFIN-A
543969,BSE:PYRAMID-B
543974,BSE:VPRPL-B
543975,BSE:MIDCAPBETA-B
543977,BSE:RISHABH-B
543978,BSE:RATNAVEER-B
543980,BSE:JLHL-A
543981,BSE:RRKABEL-A
543983,BSE:EMSLIMITED-B
543984,BSE:SAMHI-A
543985,BSE:ZAGGLE-A
543987,NAVINIFTY   
543988,BSE:NUVAMA-A
543989,BSE:KALAMANDIR-B
543990,BSE:SIGNATURE-A
543992,BSE:YATRA-B
543994,BSE:JSWINFRA-A
543995,BSE:MVGJL-B
543996,BSE:UDS-B
543998,BSE:VALIANTLAB-B
543999,BSE:SENSEXETF-A
544004,BSE:IRMENERGY-B
544006,BSE:ITETF-B
544007,BSE:ALPHAETF-B
544008,BSE:MAXESTATES-B
544009,BSE:BLUEJET-A
544012,BSE:CELLO-A
544014,BSE:HONASA-A
544020,BSE:ESAFSFB-B
544021,BSE:PROTEAN-A
544022,BSE:ASKAUTOLTD-B
544026,BSE:IREDA-A
544027,BSE:FEDFINA-B
544028,BSE:TATATECH-A
544029,BSE:GANDHAR-B
544030,BSE:FLAIR-B
543912,BSE:PIGL-B
544044,BSE:INDIASHLTR-A
544045,BSE:DOMS-A
544046,BSE:INOXINDIA-A
544054,BSE:SURAJEST-B
544055,BSE:MUTHOOTMF-B
544057,BSE:HAPPYFORGE-B
544058,BSE:MUFTI-B
544061,BSE:AZAD-A
544067,BSE:INNOVACAP-B
543737,BSE:AVEER-X
543146,BSE:08MPR-B
541338,BSE:UHZAVERI-B
543986,BSE:SOUTHWEST-B
544003,BSE:PLAZACABLE-B
538591,BSE:NCAPBULADD-B
540311,BSE:JITFINFRA-T
502175,BSE:SAURASHCEM-B
505141,SCOOTERS IND
506808,BSE:TUTIALKA-X
509020,BSE:RUCHINFRA-B
512068,BSE:DECNGOLD-B
513509,BSE:KALYANIFRG-B
514360,BSE:KRRAIL-X
515043,BSE:SEKURITIND-B
526677,BSE:KEEPLEARN-B
530017,BSE:SIL-B
532022,BSE:FILATFASH-B
532686,BSE:KERNEX-B
542654,BSE:VRFILMS-B
542669,BSE:BMW-B
543231,BSE:ADL-B
543267,BSE:DAVANGERE-B
543376,BSE:SAMOR-B
544042,BSE:BAJEL-B
544053,BSE:MOTISONS-B
544060,BSE:RBZJEWEL-B
544066,BSE:SUNCLAY-B
544081,BSE:JYOTICNC-A
544088,BSE:MEDIASSIST-A
544092,BSE:NIFTYBETF-B
544093,BSE:BANKBETF-B
544095,BSE:EPACK-A
544100,BSE:NOVAAGRI-B
544102,BSE:ITBETA-B
544107,BSE:BLSE-B
544109,BSE:HEALTHADD-B
544110,BSE:HDFCPSUBK-B
544111,BSE:PARKHOTELS-B
544112,BSE:JGTL-X
544117,BSE:SIGNPOST-B
544118,BSE:JSFB-A
544119,BSE:RPTECH-B
544120,BSE:CAPITALSFB-B
544122,BSE:ENTERO-B
544123,BSE:LICNMID100-B
544124,BSE:VSTL-B
544129,BSE:JUNIPER-B
544130,BSE:SMALLCAP-B
544131,BSE:GPTHEALTH-B
544133,BSE:EXICOM-B
544134,BSE:PLATIND-B
544135,BSE:MUKKA-B
544136,BSE:RKSWAMY-B
544138,BSE:JGCHEM-B
544140,BSE:GOPAL-B
544144,BSE:PVSL-B
544149,BSE:KRYSTAL-B
890190,GRASIMPP    
890192,IBULPP      
890193,SKIPPERPP   
890198,MITSUPP     
100112,STATE BANK  
100425,AMBUJA CEME 
100477,ASHOK LEYL. 
544142,BSE:SCILAL-B
524212,BSE:WANBURY-T
523023,BSE:SINCLAIR-B
544162,BSE:BHARTIHEXA-A
132977,BAJAJ AUTO  
544161,BSE:DPABHUSHAN-B
100295,VEDL        
544158,BSE:SRM-B
509048,BSE:LANCORHOL-T
531322,BSE:HAVISHA-B
890196,ADROITPP    
542351,BSE:GLOSTERLTD-B
523836,BSE:GUJRAFFIA-B
544167,BSE:JNKINDIA-B
500342,BSE:PRUDMOULI-B
504341,BSE:RELTD-B
505036,BSE:ACGL-B
508807,BSE:ISTLTD-B
509438,BSE:BENARAS-B
511768,BSE:MASTERTR-B
512463,BSE:LLOYDSENT-A
522101,BSE:KLBRENG-B-B
523850,BSE:AXTEL-X
531357,BSE:MERCURYEV-B
532160,BSE:GUJSTATFIN-B
533477,BSE:ENKEIWHEL-X
535910,BSE:MMLF-B
539561,BSE:SUPHA-X
543590,BSE:RHETAN-B
544172,BSE:INDGN-A
544174,BSE:TBOTEK-A
544176,BSE:AADHARHFC-A
544179,BSE:GODIGIT-A
544180,BSE:MIDSMALL-B
544181,BSE:AWFIS-A
544184,BSE:BOROSCI-B
544186,BSE:TOTEM-X
544187,BSE:KRONOX-B
544192,BSE:IXIGO-A
544193,BSE:MID150CASE-B
544194,BSE:TOP100CASE-B
544196,BSE:BBNPNBETF-B
544198,BSE:DEEDEV-B
544200,BSE:AFIL-T
544202,BSE:STANLEY-B
544203,BSE:ABDL-A
544204,BSE:VRAJ-B
544205,BSE:NPL-X
544209,BSE:BANSALWIRE-B
544210,BSE:EMCURE-A
544212,BSE:EVINDIA-B
544215,BSE:SBINEQWETF-B
544216,BSE:OILIETF-B
544217,BSE:SANSTAR-B
544218,BSE:ABSLPSE-B
890204,NGILPP
890205,SOBHAPP
512329,BSE:SGMART-B
544222,BSE:AKUMS-B
500367,BSE:RUBFILA-B
544223,BSE:CEIGALL-B
544225,BSE:OLAELEC-A
522257,BSE:RAJOOENG-B
530305,BSE:PICCADIL-B
535136,BSE:NIBE-B
544079,BSE:DIGIDRIVE-B
544226,BSE:FIRSTCRY-A
544227,BSE:UNIECOM-B
505850,BSE:MANCREDIT-B
544229,BSE:METALIETF-B
544232,BSE:INTERARCH-B
531638,BSE:SURAJLTD-B
506260,BSE:ANUHPHR-B
511194,BSE:ICDSLTD-B
522229,BSE:TANAA-X
526783,BSE:DRAGARWQ-B
530475,BSE:TINNARUBR-B
530579,BSE:UYFINCORP-B
531225,BSE:XTGLOBAL-B
531859,BSE:ORIRAIL-B
538920,BSE:VINCOFE-B
539607,BSE:BLUECLOUDS-B
541304,BSE:INDOUS-B
541402,BSE:AFFORDABLE-B
543273,BSE:KMEW-B
544207,BSE:RELIABLE-B
544230,BSE:SSDL-B
544235,BSE:ORIENTTECH-B
544238,BSE:PREMIERENE-A
544239,BSE:ECOSMOBLTY-B
544240,BSE:RAYMONDLSL-A
544241,BSE:MULTICAP-B
544243,BSE:STYLEBAAZA-B
544244,BSE:GALAPREC-B
544247,BSE:TOP10ADD-B
544249,BSE:BALAJEE-B
544250,BSE:SANOFICONR-A
544252,BSE:BAJAJHFL-A
544253,BSE:KROSS-B
544254,BSE:TOLINS-B
544256,BSE:PNGJL-B
544258,BSE:WCIL-B
544260,BSE:NORTHARC-A
544261,BSE:ARKADE-B
544262,BSE:MANBA-B
544263,BSE:KRN-A
544264,BSE:DIFFNKG-B
544266,BSE:BANKPSU-B
544268,BSE:METAL-B
544271,BSE:GARUDA-B
544273,BSE:MGEL-B
544274,BSE:HYUNDAI-A
544275,BSE:VAL30IETF-B
544276,BSE:DBEIL-B
544277,BSE:WAAREEENER-A
544278,BSE:OCCLLTD-B
544279,BSE:GODAVARIB-B
544280,BSE:AFCONS-A
544282,BSE:SAGILITY-A
544283,BSE:ACMESOLAR-A
544285,BSE:SWIGGY-A
544286,BSE:NIVABUPA-A
544288,BSE:BLACKBUCK-A
544289,BSE:NTPCGREEN-A
544290,BSE:EIEL-A
890202,BSE:SOLARAPP1-B
544293,BSE:SURAKSHA-B
542628,BSE:NSL-B
544197,BSE:RETAIL-B
500264,BSE:MAFATIND-X
511628,BSE:FEDDERSHOL-X
512008,BSE:EFCIL-B
523606,BSE:SIKA-B
526433,BSE:ASMTEC-B
544302,BSE:INNOVANA-B
544305,BSE:MOBIKWIK-B
544306,BSE:SAILIFE-A
544307,BSE:VMM-A
544309,BSE:IKS-A
543178,BSE:11QPR-B
544311,BSE:IGIL-A
524743,BSE:FISCHER-B
544294,BSE:ROSSTECH-B
544301,BSE:ODIGMA-B
544314,BSE:SANATHAN-B
544315,BSE:CEWATER-B
544316,BSE:DAMCAPITAL-B
544317,BSE:TRANSRAILL-A
521246,BSE:PARASPETRO-T
544319,BSE:SENORES-B
544320,BSE:CARRARO-B
544321,BSE:VENTIVE-B
890209,UPLPP
535916,BSE:ALSL-B
544322,BSE:UNIMECH-B
544080,BSE:SHILINDORE-X
544090,BSE:SHPLPUNE-X
543168,BSE:08AQR-B
542811,NIESSPG     
544191,BSE:PURPLEFIN-X
506680,BSE:TECILCHEM-B
100850,INDIAN HOTEL
515018,BSE:REGENCERAM-B
100253,LIC HOUS.FIN
100440,HINDALCO    
100483,TATA COMM   
100547,BHARAT PET. 
126371,NMDC LTD    
132134,BANKBARODA  
541228,BSE:TRL-B
544246,BSE:RVTH-B
544233,BSE:MFML-B
544234,BSE:GLOBALE-B
500282,BSE:MODTHREAD-B
500306,BSE:JAYKAY-B
501298,BSE:INDPRUD-B
503681,BSE:ELCIDIN-B
507155,BSE:JAGAJITIND-X
507944,BSE:BAJAJST-B
512038,BSE:TCC-B
514446,LSIND
517035,BSE:RIR-B
523105,BSE:CROPSTER-B
523229,BSE:BHARATSE-B
524654,BSE:NATCAPSUQ-B
526506,BSE:SYSTMTXC-B
526961,BSE:LASTMILE-X
530677,BSE:SUPREME-B
531035,BSE:EBIX-T
531109,BSE:ISHANCH-B
532067,BSE:3BBLACKBIO-B
532271,BSE:ORCHASP-B
539469,BSE:PANORAMA-B
544281,BSE:ABINFRA-B
544292,BSE:ONESOURCE-A
544318,BSE:MAMATA-B
544323,BSE:CONSUMER-B
544325,BSE:ITCHOTELS-A
544326,BSE:ECAPINSURE-B
544328,BSE:INDOFARM-B
544333,BSE:SETL-B
544336,BSE:QUADFUTURE-B
544339,BSE:LAXMIDENTL-B
544342,BSE:STALLION-B
544344,BSE:SHRIPISTON-A
544345,BSE:DENTA-B
544350,BSE:AGARWALEYE-A
544355,BSE:JUBLCPL-B
544356,BSE:AJAXENGG-B
544362,BSE:HEXT-A
544364,BSE:BAJAJINDEF-B
544367,BSE:QPOWER-B
544371,BSE:VIKRAMAR-X
544376,BSE:SELECTIPO-B
544377,BSE:EQUAL200-B
544382,BSE:AXISVALUE-B
544385,BSE:SBIBPB-B
544386,BSE:SPECTRUM-B
544352,BSE:NEXT30ADD-B
544379,BSE:PRABHA-B
143768,NSLNISP#
544394,BSE:EVIETF-B
141153,BANDHANBNK#
523475,BSE:LOTUSCHO-B
132947,IRB#
544396,BSE:NPST-B
132155,GAIL#
512020,BSE:ZSARACOM-B
521238,BSE:BGDL-B
523862,BSE:GRANDOAK-B
530643,BSE:ECORECO-B
539151,BSE:ARFIN-B
540404,BSE:PRIMEFRESH-B
543241,BSE:VGIL-T
543364,BSE:MARKOLINES-B
543766,BSE:ASHIKA-B
544390,BSE:ENRIN-B
544397,BSE:ATHERENERG-B
544402,BSE:JASH-B
544403,BSE:ABLBL-B
544404,BSE:BORANA-T
544405,BSE:BELRISE-B
544407,BSE:AEGISVOPAK-B
544408,BSE:THELEELA-B
544410,BSE:PROSTARM-B
544411,BSE:SCODATUBES-B
544413,BSE:DIGITIDE-B
544414,BSE:BLUSPRING-B
544415,BSE:SNXT30BEES-B
544418,BSE:OSWALPUMPS-B
544419,BSE:ARIS-B
544420,BSE:RAYMONDREL-B
544421,BSE:ELLEN-B
544423,BSE:KALPATARU-B
544424,BSE:GLOBECIVIL-B
544427,BSE:TOP15IETF-B
544429,BSE:HDBFS-B
544430,BSE:SAMBHV-B
544432,BSE:IGCL-B
544438,BSE:INTERNET-B
544439,BSE:CRIZAC-B
544443,BSE:TRAVELFOOD-B
544447,BSE:SMARTWORKS-B
544448,BSE:PASHUPATI-B
544449,BSE:ANTHEM-B
544454,BSE:INDIQUBE-B
544455,BSE:EBGNG-B
544456,BSE:RMDRIP-B
544457,BSE:BRIGHOTEL-B
544459,BSE:SHANTIGOLD-B
544461,BSE:EUROBOND-B
890214,FUSIONPP
890216,LLOYDSENPP
890218,SEPCPP
890219,INFIBPP
539761,BSE:VKAL-X
544465,BSE:LAXMIINDIA-B
544466,BSE:CPPLUS-B
107685,WIPRO#
113599,HINDCOPPER#
130965,IOC#
132822,IDEA#
133106,OIL#
143458,AWL#
544401,BSE:EQUAL50-B
544450,BSE:CHEMBONDCH-B
544467,BSE:NSDL-B
544469,BSE:LOTUSDEV-B
544470,BSE:MBEL-B
544473,BSE:GROWWPOWER-B
100470,TATASTEEL#
132540,TCS#
144274,HYUNDAI#
544476,BSE:JSLL-B
100103,BHEL#
544479,BSE:ALLTIME-B
544480,BSE:JSWCEMENT-B
890221,BSE:SSFLPP-B
544484,BSE:BLUESTONE-B
544485,BSE:REGAAL-B
544488,BSE:VIKRAMSOLR-B
544490,BSE:SHREEJISPG-B
544491,BSE:GEMAROMA-B
544477,BSE:HILINFRA-B
544492,BSE:MEIL-B
544493,BSE:MANUFGBEES-B
505725,BSE:ALGOQUANT-B
513337,BSE:GUJTLRM-B
517467,BSE:MARSONS-B
522195,BSE:FRONTSP-B
531494,BSE:NAVKARURB-B
539682,BSE:MOBAVENUE-T
543539,BSE:MODIS-B
544395,BSE:STLNETWORK-B
544416,BSE:KRISHIVAL-B
544446,BSE:ADVENTHTL-B
544487,BSE:PATELRMART-B
544496,BSE:VIKRAN-B
544499,BSE:CPEDU-B
544502,BSE:AMANTA-B
544507,BSE:SML100CASE-B
544512,BSE:SHRINGARMS-B
544513,BSE:DEVX-B
544515,BSE:URBANCO-B
544519,BSE:EUROPRATIK-B
544521,BSE:VMSTMT-B
544522,BSE:ABCOTS-B
544523,BSE:IVALUE-B
544525,BSE:GKENERGY-B
544526,BSE:SAATVIKGL-B
544527,BSE:ATLANTAELE-B
544528,BSE:GANESHCP-B
544530,BSE:ARSSBL-B
544532,BSE:SOLARWORLD-B
544533,BSE:STYL-B
544534,BSE:JARO-B
544536,BSE:WEALTH-B
544537,BSE:JAINREC-B
544540,BSE:EPACKPEB-B
544543,BSE:BMWVENTLTD-B
544545,BSE:TRUALT-B
544547,BSE:JKIPL-B
544550,BSE:PACEDIGITK-B
544557,BSE:GLOTTIS-B
544558,BSE:FABTECH-B
544562,BSE:ADVANCE-B
544564,BSE:OMFREIGHT-B
544569,BSE:TMCV-B
544570,BSE:WEWORK-B
544574,BSE:TATACAP-A
544576,BSE:LGEINDIA-B
544577,BSE:WORTHPERI-B
544578,BSE:RUBICON-B
544580,BSE:CRAMC-B
544581,BSE:FLEXIADD-B
544583,BSE:CANHLIFE-B
544586,BSE:NIFTYCASE-B
544587,BSE:MIDWESTLTD-B
544595,BSE:ORKLAINDIA-B
544597,BSE:PIRAMALFIN-B
544598,BSE:ACCURACY-B
544599,BSE:STUDDS-B
544600,BSE:LENSKART-B
544603,BSE:GROWW-B
544604,BSE:ENERGY-B
544605,BSE:SMALL250-B
544606,BSE:PINELABS-B
544608,BSE:EMMVEE-B
544609,BSE:PWL-B
544612,BSE:TENNIND-B
544613,BSE:UTLSOLAR-B
544614,BSE:CAPILLARY-B
544617,BSE:EXCELSOFT-B
544618,BSE:ESENSEX-B
544619,BSE:SUDEEPPHRM-B
544620,BSE:MSCIADD-B
590139,BSE:LIQUID1-B
590141,BSE:ITBEES-B
590142,BSE:PHARMABEES-B
590144,BSE:MID150BEES-B
890211,CALSOFTPP
890224,LLOYDPP
538716,BSE:ARYACAPM-B
519477,BSE:CIANAGRO-T
544631,BSE:CNL-B
544632,BSE:MEESHO-B
544633,BSE:VIDYAWIRES-B
544634,BSE:AEQUS-B
519003,BSE:MODINATUR-B
544615,BSE:KSR-T
526125,BSE:BNAGROCHEM-B
532467,BSE:HAZOOR-B
542866,COLAB
544642,BSE:WAKEFIT-B
544644,BSE:CORONA-B
890227,ADANIENPP
890228,BSE:ATLPP-B
544645,BSE:PARKHOSPS-B
544647,BSE:NEPHROPLUS-B
544654,BSE:SMALLADD-B
544655,BSE:MIDCAPADD-B
544572,BSE:SKFINDUS-B
544658,BSE:ICICIAMC-A
544660,BSE:TOP20-B
544661,BSE:DIVIDEND-B
890223,CYBERPP
544664,BSE:KSHINTL-B
544497,BSE:AHCL-B
544346,BSE:RRECL-XT
100875,ITC#
132648,YESBANK#
100325,RELIANCE#
890215,GARMENTPP
130343,GENUSPOWER#
544361,BSE:COVANCE-XT
132939,RPOWER#
100312,ONGC#
543324,BSE:GCSL-T
132149,BANKINDIA#
540455,BSE:ESCORP-B
132667,SUZLON#
132461,PNB#
100400,TATAPOWER#
100209,INFY#
123025,SAFARI#
132505,UCOBANK#
509732,BSE:KOTIC-B
539533,BSE:ELITECON-B
543499,BSE:ACHYUT-B
544517,BSE:BUILDPRO-B
544666,BSE:GKSL-B
544674,BSE:NEXT50ADD-B
544678,BSE:BHARATCOAL-B
544679,BSE:AMAGI-B
544685,BSE:SHADOWFAX-B
590148,BSE:MOSMALL250-B
590149,BSE:MOCAPITAL-B
590150,BSE:MOREALTY-B
590151,BSE:MOMENTUM50-B
590152,BSE:MODEFENCE-B
590153,BSE:MONIFTY500-B
890232,BSE:KRISHPP-B
590154,BSE:ALPHA-B
544699,BSE:AYE-B
544700,BSE:FRACTAL-B
544701,BSE:HEALTHCARE-B
506373,BSE:CITURGIA-B
544704,BSE:INFRA-B
544705,BSE:DEFENCE-B
143257,IRFC#
544706,BSE:ABSLMSCIN-B
539854,BSE:HALDER-B
539562,BSE:AARNAV-B
544662,BSE:SIMANDHAR-T
544588,BSE:MHLSRG-B
544649,BSE:TSIFDG-B
100294,NCC#
544622,BSE:KWIL-B
544717,BSE:CLEANMAX-B
544702,BSE:DCMSIL-B
544703,BSE:DSFCL-B
544718,BSE:PNGSREVA-B
544719,BSE:ABSL10BANK-B
544720,BSE:OMNI-B
544721,BSE:GROWWHOSPI-B
544722,BSE:SBIMIDMOM-B
514440,BSE:BPAGRI-B
543620,BSE:INA-B
